静息,正,中,负
14:09:21,14:10:55,14:12:17,14:14:40
,,,
CTP208 ,D4:F5:13:0B:7B:1B,,
,,,
,,,
,,,
,,,
,,,
,,,
20250505,14:05:32,-46.6,
20250505,14:05:33,-46.1,
20250505,14:05:33,-45.6,
20250505,14:05:33,-44.9,
20250505,14:05:33,-44.3,
20250505,14:05:34,-43.6,
20250505,14:05:34,-43,
20250505,14:05:34,-42.7,
20250505,14:05:35,-42.2,
20250505,14:05:35,-41.9,
20250505,14:05:35,-41.7,
20250505,14:05:35,-41.5,
20250505,14:05:36,-41.4,
20250505,14:05:36,-41.4,
20250505,14:05:36,-41.5,
20250505,14:05:36,-41.3,
20250505,14:05:37,-41,
20250505,14:05:37,-40.5,
20250505,14:05:37,-40.1,
20250505,14:05:38,-39.6,
20250505,14:05:38,-39.1,
20250505,14:05:38,-38.8,
20250505,14:05:38,-38.4,
20250505,14:05:39,-38.2,
20250505,14:05:39,-38,
20250505,14:05:39,-37.7,
20250505,14:05:39,-37.6,
20250505,14:05:40,-37.5,
20250505,14:05:40,-37.4,
20250505,14:05:40,-37.4,
20250505,14:05:41,-37.4,
20250505,14:05:41,-37.5,
20250505,14:05:41,-37.6,
20250505,14:05:41,-37.7,
20250505,14:05:42,-37.9,
20250505,14:05:42,-38.2,
20250505,14:05:42,-38.4,
20250505,14:05:43,-38.7,
20250505,14:05:43,-38.9,
20250505,14:05:43,-39.2,
20250505,14:05:43,-39.4,
20250505,14:05:44,-39.7,
20250505,14:05:44,-40,
20250505,14:05:44,-40.2,
20250505,14:05:44,-40.5,
20250505,14:05:45,-40.7,
20250505,14:05:45,-40.9,
20250505,14:05:45,-41,
20250505,14:05:46,-41.1,
20250505,14:05:46,-41.2,
20250505,14:05:46,-41.4,
20250505,14:05:46,-41.6,
20250505,14:05:47,-41.8,
20250505,14:05:47,-41.9,
20250505,14:05:47,-42,
20250505,14:05:48,-42.1,
20250505,14:05:48,-42.3,
20250505,14:05:48,-42.4,
20250505,14:05:48,-42.6,
20250505,14:05:49,-42.7,
20250505,14:05:49,-42.8,
20250505,14:05:49,-43,
20250505,14:05:49,-43.2,
20250505,14:05:50,-43.4,
20250505,14:05:50,-43.7,
20250505,14:05:50,-44,
20250505,14:05:51,-44.3,
20250505,14:05:51,-44.4,
20250505,14:05:51,-44.7,
20250505,14:05:51,-44.8,
20250505,14:05:52,-45.1,
20250505,14:05:52,-45.3,
20250505,14:05:52,-45.5,
20250505,14:05:52,-45.7,
20250505,14:05:53,-45.8,
20250505,14:05:53,-46.1,
20250505,14:05:53,-46.3,
20250505,14:05:54,-46.5,
20250505,14:05:54,-46.7,
20250505,14:05:54,-46.9,
20250505,14:05:54,-47,
20250505,14:05:55,-47.1,
20250505,14:05:55,-47.3,
20250505,14:05:55,-47.5,
20250505,14:05:56,-47.6,
20250505,14:05:56,-47.8,
20250505,14:05:56,-48.1,
20250505,14:05:56,-48.4,
20250505,14:05:57,-48.8,
20250505,14:05:57,-49,
20250505,14:05:57,-48.8,
20250505,14:05:57,-48.5,
20250505,14:05:58,-47.8,
20250505,14:05:58,-47,
20250505,14:05:58,-46.2,
20250505,14:05:59,-45.4,
20250505,14:05:59,-44.9,
20250505,14:05:59,-44.4,
20250505,14:05:59,-43.9,
20250505,14:06:00,-43.8,
20250505,14:06:00,-43.6,
20250505,14:06:00,-43.6,
20250505,14:06:01,-43.5,
20250505,14:06:01,-43.6,
20250505,14:06:01,-43.5,
20250505,14:06:01,-43.5,
20250505,14:06:02,-43.6,
20250505,14:06:02,-43.6,
20250505,14:06:02,-43.6,
20250505,14:06:02,-43.7,
20250505,14:06:03,-43.9,
20250505,14:06:03,-44,
20250505,14:06:03,-44.4,
20250505,14:06:04,-44.4,
20250505,14:06:04,-44.6,
20250505,14:06:04,-45.1,
20250505,14:06:04,-45.3,
20250505,14:06:05,-45.7,
20250505,14:06:05,-45.9,
20250505,14:06:05,-46.1,
20250505,14:06:06,-46.3,
20250505,14:06:06,-46.7,
20250505,14:06:06,-46.8,
20250505,14:06:06,-47,
20250505,14:06:07,-47.3,
20250505,14:06:07,-47.7,
20250505,14:06:07,-47.6,
20250505,14:06:07,-47.9,
20250505,14:06:08,-48.1,
20250505,14:06:08,-48.3,
20250505,14:06:08,-48.6,
20250505,14:06:09,-48.7,
20250505,14:06:09,-48.8,
20250505,14:06:09,-49,
20250505,14:06:09,-49,
20250505,14:06:10,-49.1,
20250505,14:06:10,-49.3,
20250505,14:06:10,-49.3,
20250505,14:06:10,-49.5,
20250505,14:06:11,-49.5,
20250505,14:06:11,-49.6,
20250505,14:06:11,-49.7,
20250505,14:06:12,-49.7,
20250505,14:06:12,-49.9,
20250505,14:06:12,-50.1,
20250505,14:06:12,-50.3,
20250505,14:06:13,-50.6,
20250505,14:06:13,-51,
20250505,14:06:13,-51.3,
20250505,14:06:14,-51.4,
20250505,14:06:14,-51.7,
20250505,14:06:14,-51.8,
20250505,14:06:14,-51.8,
20250505,14:06:15,-51.4,
20250505,14:06:15,-50.8,
20250505,14:06:15,-50.1,
20250505,14:06:15,-49.3,
20250505,14:06:16,-48.3,
20250505,14:06:16,-47.6,
20250505,14:06:16,-47,
20250505,14:06:17,-46.5,
20250505,14:06:17,-46.2,
20250505,14:06:17,-46,
20250505,14:06:17,-45.9,
20250505,14:06:18,-45.8,
20250505,14:06:18,-45.9,
20250505,14:06:18,-46,
20250505,14:06:19,-46.1,
20250505,14:06:19,-46.3,
20250505,14:06:19,-46.7,
20250505,14:06:19,-47,
20250505,14:06:20,-47.1,
20250505,14:06:20,-47.2,
20250505,14:06:20,-47.3,
20250505,14:06:20,-47.2,
20250505,14:06:21,-47.2,
20250505,14:06:21,-47.3,
20250505,14:06:21,-47.3,
20250505,14:06:22,-47.5,
20250505,14:06:22,-47.6,
20250505,14:06:22,-47.6,
20250505,14:06:22,-47.2,
20250505,14:06:23,-46.6,
20250505,14:06:23,-45.9,
20250505,14:06:23,-45,
20250505,14:06:24,-44.3,
20250505,14:06:24,-43.6,
20250505,14:06:24,-43.1,
20250505,14:06:24,-42.2,
20250505,14:06:25,-41.3,
20250505,14:06:25,-40.5,
20250505,14:06:25,-39.8,
20250505,14:06:25,-39.2,
20250505,14:06:26,-38.7,
20250505,14:06:26,-38.2,
20250505,14:06:26,-37.9,
20250505,14:06:27,-37.7,
20250505,14:06:27,-37.6,
20250505,14:06:27,-37.6,
20250505,14:06:27,-37.7,
20250505,14:06:28,-38,
20250505,14:06:28,-38.3,
20250505,14:06:28,-38.5,
20250505,14:06:28,-38.7,
20250505,14:06:29,-38.7,
20250505,14:06:29,-38.5,
20250505,14:06:29,-38.3,
20250505,14:06:30,-38.1,
20250505,14:06:30,-37.9,
20250505,14:06:30,-37.8,
20250505,14:06:30,-37.8,
20250505,14:06:31,-37.8,
20250505,14:06:31,-38,
20250505,14:06:31,-38.3,
20250505,14:06:32,-38.4,
20250505,14:06:32,-38.5,
20250505,14:06:32,-38.5,
20250505,14:06:32,-38.5,
20250505,14:06:33,-38.4,
20250505,14:06:33,-38.4,
20250505,14:06:33,-38.3,
20250505,14:06:33,-38.3,
20250505,14:06:34,-38.2,
20250505,14:06:34,-38.4,
20250505,14:06:34,-38.3,
20250505,14:06:35,-38.4,
20250505,14:06:35,-38.5,
20250505,14:06:35,-38.6,
20250505,14:06:35,-38.7,
20250505,14:06:36,-38.8,
20250505,14:06:36,-38.8,
20250505,14:06:36,-38.8,
20250505,14:06:37,-38.6,
20250505,14:06:37,-38.5,
20250505,14:06:37,-38.4,
20250505,14:06:37,-38.3,
20250505,14:06:38,-38.3,
20250505,14:06:38,-38.4,
20250505,14:06:38,-38.4,
20250505,14:06:38,-38.5,
20250505,14:06:39,-38.7,
20250505,14:06:39,-38.8,
20250505,14:06:39,-38.8,
20250505,14:06:40,-38.8,
20250505,14:06:40,-38.8,
20250505,14:06:40,-38.5,
20250505,14:06:40,-38.4,
20250505,14:06:41,-38.4,
20250505,14:06:41,-38.2,
20250505,14:06:41,-38.2,
20250505,14:06:41,-38,
20250505,14:06:42,-37.8,
20250505,14:06:42,-37.5,
20250505,14:06:42,-37,
20250505,14:06:43,-36.7,
20250505,14:06:43,-36.4,
20250505,14:06:43,-36.2,
20250505,14:06:43,-36,
20250505,14:06:44,-35.9,
20250505,14:06:44,-35.9,
20250505,14:06:44,-35.9,
20250505,14:06:45,-35.9,
20250505,14:06:45,-36,
20250505,14:06:45,-36.1,
20250505,14:06:45,-36.3,
20250505,14:06:46,-36.6,
20250505,14:06:46,-36.7,
20250505,14:06:46,-36.8,
20250505,14:06:46,-37,
20250505,14:06:47,-37,
20250505,14:06:47,-37,
20250505,14:06:47,-36.9,
20250505,14:06:48,-37,
20250505,14:06:48,-36.9,
20250505,14:06:48,-36.7,
20250505,14:06:48,-36.7,
20250505,14:06:49,-36.4,
20250505,14:06:49,-36.3,
20250505,14:06:49,-36.1,
20250505,14:06:50,-36,
20250505,14:06:50,-36,
20250505,14:06:50,-36.2,
20250505,14:06:50,-36.3,
20250505,14:06:51,-36.4,
20250505,14:06:51,-36.3,
20250505,14:06:51,-36.1,
20250505,14:06:51,-35.9,
20250505,14:06:52,-35.8,
20250505,14:06:52,-35.5,
20250505,14:06:52,-35.2,
20250505,14:06:53,-35,
20250505,14:06:53,-35,
20250505,14:06:53,-34.9,
20250505,14:06:53,-34.8,
20250505,14:06:54,-34.9,
20250505,14:06:54,-35,
20250505,14:06:54,-35,
20250505,14:06:54,-35.2,
20250505,14:06:55,-35.4,
20250505,14:06:55,-35.5,
20250505,14:06:55,-35.8,
20250505,14:06:56,-35.9,
20250505,14:06:56,-36.1,
20250505,14:06:56,-36.3,
20250505,14:06:56,-36.6,
20250505,14:06:57,-36.8,
20250505,14:06:57,-36.9,
20250505,14:06:57,-37.2,
20250505,14:06:58,-37.5,
20250505,14:06:58,-37.7,
20250505,14:06:58,-37.9,
20250505,14:06:58,-38,
20250505,14:06:59,-38,
20250505,14:06:59,-38.1,
20250505,14:06:59,-38.2,
20250505,14:06:59,-38.3,
20250505,14:07:00,-38.4,
20250505,14:07:00,-38.7,
20250505,14:07:00,-38.8,
20250505,14:07:01,-38.8,
20250505,14:07:01,-38.8,
20250505,14:07:01,-38.6,
20250505,14:07:01,-38.4,
20250505,14:07:02,-38.4,
20250505,14:07:02,-38.4,
20250505,14:07:02,-38.4,
20250505,14:07:03,-38.5,
20250505,14:07:03,-38.5,
20250505,14:07:03,-38.6,
20250505,14:07:03,-38.8,
20250505,14:07:04,-39.1,
20250505,14:07:04,-39.3,
20250505,14:07:04,-39.4,
20250505,14:07:04,-39.7,
20250505,14:07:05,-40,
20250505,14:07:05,-40.2,
20250505,14:07:05,-40.4,
20250505,14:07:06,-40.8,
20250505,14:07:06,-41,
20250505,14:07:06,-41.2,
20250505,14:07:06,-41.4,
20250505,14:07:07,-41.6,
20250505,14:07:07,-41.9,
20250505,14:07:07,-42.1,
20250505,14:07:08,-42.3,
20250505,14:07:08,-42.6,
20250505,14:07:08,-42.9,
20250505,14:07:08,-43.5,
20250505,14:07:09,-44.2,
20250505,14:07:09,-44.7,
20250505,14:07:09,-45.2,
20250505,14:07:09,-45.5,
20250505,14:07:10,-45.6,
20250505,14:07:10,-45.5,
20250505,14:07:10,-45.4,
20250505,14:07:11,-45.3,
20250505,14:07:11,-45.2,
20250505,14:07:11,-45,
20250505,14:07:11,-44.9,
20250505,14:07:12,-44.9,
20250505,14:07:12,-44.7,
20250505,14:07:12,-44.8,
20250505,14:07:12,-44.6,
20250505,14:07:13,-44.4,
20250505,14:07:13,-44.3,
20250505,14:07:13,-44.1,
20250505,14:07:14,-43.8,
20250505,14:07:14,-43.6,
20250505,14:07:14,-43.6,
20250505,14:07:14,-43.5,
20250505,14:07:15,-43.6,
20250505,14:07:15,-43.6,
20250505,14:07:15,-43.7,
20250505,14:07:16,-43.9,
20250505,14:07:16,-43.9,
20250505,14:07:16,-44,
20250505,14:07:16,-44.2,
20250505,14:07:17,-44.3,
20250505,14:07:17,-44.4,
20250505,14:07:17,-44.4,
20250505,14:07:17,-44.4,
20250505,14:07:18,-44.4,
20250505,14:07:18,-44.2,
20250505,14:07:18,-44.2,
20250505,14:07:19,-44.1,
20250505,14:07:19,-44.1,
20250505,14:07:19,-44.1,
20250505,14:07:19,-44.3,
20250505,14:07:20,-44.3,
20250505,14:07:20,-44.4,
20250505,14:07:20,-44.5,
20250505,14:07:21,-44.6,
20250505,14:07:21,-44.7,
20250505,14:07:21,-45,
20250505,14:07:21,-45.2,
20250505,14:07:22,-45.5,
20250505,14:07:22,-46,
20250505,14:07:22,-46.3,
20250505,14:07:22,-46.8,
20250505,14:07:23,-47,
20250505,14:07:23,-47.3,
20250505,14:07:23,-47.2,
20250505,14:07:24,-46.9,
20250505,14:07:24,-46.3,
20250505,14:07:24,-45.5,
20250505,14:07:24,-44.6,
20250505,14:07:25,-43.8,
20250505,14:07:25,-42.9,
20250505,14:07:25,-42.2,
20250505,14:07:26,-41.7,
20250505,14:07:26,-41.2,
20250505,14:07:26,-40.9,
20250505,14:07:26,-40.6,
20250505,14:07:27,-40.5,
20250505,14:07:27,-40.4,
20250505,14:07:27,-40.4,
20250505,14:07:27,-40.5,
20250505,14:07:28,-40.6,
20250505,14:07:28,-40.8,
20250505,14:07:28,-41,
20250505,14:07:29,-41.2,
20250505,14:07:29,-41.4,
20250505,14:07:29,-41.7,
20250505,14:07:29,-41.9,
20250505,14:07:30,-42.2,
20250505,14:07:30,-42.5,
20250505,14:07:30,-42.7,
20250505,14:07:30,-42.9,
20250505,14:07:31,-43.3,
20250505,14:07:31,-43.5,
20250505,14:07:31,-43.7,
20250505,14:07:32,-43.9,
20250505,14:07:32,-44.2,
20250505,14:07:32,-44.4,
20250505,14:07:32,-44.6,
20250505,14:07:33,-44.8,
20250505,14:07:33,-45,
20250505,14:07:33,-45.3,
20250505,14:07:34,-45.3,
20250505,14:07:34,-45.6,
20250505,14:07:34,-45.9,
20250505,14:07:34,-46.1,
20250505,14:07:35,-46.2,
20250505,14:07:35,-46.4,
20250505,14:07:35,-46.8,
20250505,14:07:35,-47.2,
20250505,14:07:36,-47.8,
20250505,14:07:36,-48.7,
20250505,14:07:36,-49.3,
20250505,14:07:37,-49.7,
20250505,14:07:37,-49.9,
20250505,14:07:37,-50,
20250505,14:07:37,-49.8,
20250505,14:07:38,-49.5,
20250505,14:07:38,-48.9,
20250505,14:07:38,-48.2,
20250505,14:07:39,-47.5,
20250505,14:07:39,-46.8,
20250505,14:07:39,-46.1,
20250505,14:07:39,-45.5,
20250505,14:07:40,-45.1,
20250505,14:07:40,-44.9,
20250505,14:07:40,-44.6,
20250505,14:07:40,-44.4,
20250505,14:07:41,-44.3,
20250505,14:07:41,-44.4,
20250505,14:07:41,-44.4,
20250505,14:07:42,-44.5,
20250505,14:07:42,-44.8,
20250505,14:07:42,-45.3,
20250505,14:07:42,-45.7,
20250505,14:07:43,-46.1,
20250505,14:07:43,-46.2,
20250505,14:07:43,-46,
20250505,14:07:43,-45.7,
20250505,14:07:44,-45.1,
20250505,14:07:44,-44.5,
20250505,14:07:44,-44.1,
20250505,14:07:45,-43.6,
20250505,14:07:45,-43.2,
20250505,14:07:45,-42.9,
20250505,14:07:45,-42.7,
20250505,14:07:46,-42.5,
20250505,14:07:46,-42.4,
20250505,14:07:46,-42.4,
20250505,14:07:47,-42.4,
20250505,14:07:47,-42.7,
20250505,14:07:47,-42.8,
20250505,14:07:47,-42.9,
20250505,14:07:48,-43.1,
20250505,14:07:48,-43.3,
20250505,14:07:48,-43.5,
20250505,14:07:48,-43.6,
20250505,14:07:49,-43.7,
20250505,14:07:49,-44,
20250505,14:07:49,-44,
20250505,14:07:50,-44.2,
20250505,14:07:50,-44.4,
20250505,14:07:50,-44.5,
20250505,14:07:50,-44.8,
20250505,14:07:51,-45,
20250505,14:07:51,-45.3,
20250505,14:07:51,-45.4,
20250505,14:07:52,-45.7,
20250505,14:07:52,-46.1,
20250505,14:07:52,-46.7,
20250505,14:07:52,-47.1,
20250505,14:07:53,-47.5,
20250505,14:07:53,-47.6,
20250505,14:07:53,-47.6,
20250505,14:07:53,-47.5,
20250505,14:07:54,-47.3,
20250505,14:07:54,-47.2,
20250505,14:07:54,-47,
20250505,14:07:55,-46.9,
20250505,14:07:55,-46.8,
20250505,14:07:55,-46.6,
20250505,14:07:55,-46.6,
20250505,14:07:56,-46.6,
20250505,14:07:56,-46.6,
20250505,14:07:56,-46.6,
20250505,14:07:57,-46.7,
20250505,14:07:57,-46.7,
20250505,14:07:57,-46.7,
20250505,14:07:57,-46.8,
20250505,14:07:58,-46.9,
20250505,14:07:58,-47,
20250505,14:07:58,-47,
20250505,14:07:58,-47,
20250505,14:07:59,-47,
20250505,14:07:59,-47.1,
20250505,14:07:59,-47.1,
20250505,14:08:00,-47.2,
20250505,14:08:00,-47.2,
20250505,14:08:00,-47.2,
20250505,14:08:00,-47.2,
20250505,14:08:01,-47.3,
20250505,14:08:01,-47.3,
20250505,14:08:01,-47.3,
20250505,14:08:01,-47.4,
20250505,14:08:02,-47.4,
20250505,14:08:02,-47.8,
20250505,14:08:02,-47.7,
20250505,14:08:03,-47.8,
20250505,14:08:03,-47.8,
20250505,14:08:03,-47.8,
20250505,14:08:03,-47.9,
20250505,14:08:04,-48,
20250505,14:08:04,-48.3,
20250505,14:08:04,-48.4,
20250505,14:08:05,-48.3,
20250505,14:08:05,-48.8,
20250505,14:08:05,-49.1,
20250505,14:08:05,-49.3,
20250505,14:08:06,-49.3,
20250505,14:08:06,-49.2,
20250505,14:08:06,-49.1,
20250505,14:08:06,-49,
20250505,14:08:07,-48.9,
20250505,14:08:07,-48.8,
20250505,14:08:07,-48.7,
20250505,14:08:08,-48.8,
20250505,14:08:08,-49,
20250505,14:08:08,-49.3,
20250505,14:08:08,-49.5,
20250505,14:08:09,-49.5,
20250505,14:08:09,-49.4,
20250505,14:08:09,-49.2,
20250505,14:08:10,-48.9,
20250505,14:08:10,-48.7,
20250505,14:08:10,-48.5,
20250505,14:08:10,-48.1,
20250505,14:08:11,-48,
20250505,14:08:11,-47.9,
20250505,14:08:11,-47.8,
20250505,14:08:11,-47.8,
20250505,14:08:12,-47.8,
20250505,14:08:12,-47.8,
20250505,14:08:12,-47.8,
20250505,14:08:13,-47.8,
20250505,14:08:13,-47.9,
20250505,14:08:13,-48,
20250505,14:08:13,-48.2,
20250505,14:08:14,-48.4,
20250505,14:08:14,-48.7,
20250505,14:08:14,-49.1,
20250505,14:08:15,-49.4,
20250505,14:08:15,-49.7,
20250505,14:08:15,-49.9,
20250505,14:08:15,-49.7,
20250505,14:08:16,-49.5,
20250505,14:08:16,-49,
20250505,14:08:16,-48.5,
20250505,14:08:16,-48,
20250505,14:08:17,-47.6,
20250505,14:08:17,-47.5,
20250505,14:08:17,-47.3,
20250505,14:08:18,-47.1,
20250505,14:08:18,-47,
20250505,14:08:18,-47,
20250505,14:08:18,-47,
20250505,14:08:19,-47,
20250505,14:08:19,-47,
20250505,14:08:19,-47.1,
20250505,14:08:19,-47.1,
20250505,14:08:20,-47.1,
20250505,14:08:20,-47.2,
20250505,14:08:20,-47.1,
20250505,14:08:21,-47.3,
20250505,14:08:21,-47.3,
20250505,14:08:21,-47.4,
20250505,14:08:21,-47.4,
20250505,14:08:22,-47.6,
20250505,14:08:22,-47.7,
20250505,14:08:22,-47.8,
20250505,14:08:23,-47.8,
20250505,14:08:23,-47.9,
20250505,14:08:23,-48,
20250505,14:08:23,-48,
20250505,14:08:24,-48.1,
20250505,14:08:24,-48.1,
20250505,14:08:24,-48.1,
20250505,14:08:24,-48.2,
20250505,14:08:25,-48.2,
20250505,14:08:25,-48.3,
20250505,14:08:25,-48.4,
20250505,14:08:26,-48.4,
20250505,14:08:26,-48.5,
20250505,14:08:26,-48.5,
20250505,14:08:26,-48.5,
20250505,14:08:27,-48.6,
20250505,14:08:27,-48.7,
20250505,14:08:27,-48.7,
20250505,14:08:28,-48.8,
20250505,14:08:28,-49.1,
20250505,14:08:28,-49.4,
20250505,14:08:28,-49.5,
20250505,14:08:29,-49.7,
20250505,14:08:29,-49.8,
20250505,14:08:29,-49.8,
20250505,14:08:29,-49.7,
20250505,14:08:30,-49.8,
20250505,14:08:30,-49.5,
20250505,14:08:30,-49.5,
20250505,14:08:31,-49.4,
20250505,14:08:31,-49.2,
20250505,14:08:31,-49.2,
20250505,14:08:31,-49.2,
20250505,14:08:32,-49,
20250505,14:08:32,-49,
20250505,14:08:32,-49,
20250505,14:08:32,-48.8,
20250505,14:08:33,-48.7,
20250505,14:08:33,-49,
20250505,14:08:33,-49.3,
20250505,14:08:34,-49.9,
20250505,14:08:34,-50.6,
20250505,14:08:34,-51,
20250505,14:08:34,-50.8,
20250505,14:08:35,-50.1,
20250505,14:08:35,-49.4,
20250505,14:08:35,-48.5,
20250505,14:08:36,-47.8,
20250505,14:08:36,-46.9,
20250505,14:08:36,-46.3,
20250505,14:08:36,-46,
20250505,14:08:37,-45.4,
20250505,14:08:37,-45.3,
20250505,14:08:37,-45.3,
20250505,14:08:37,-45,
20250505,14:08:38,-45.1,
20250505,14:08:38,-45.2,
20250505,14:08:38,-45.2,
20250505,14:08:39,-45.2,
20250505,14:08:39,-45.3,
20250505,14:08:39,-45.3,
20250505,14:08:39,-45.3,
20250505,14:08:40,-45.5,
20250505,14:08:40,-45.7,
20250505,14:08:40,-45.7,
20250505,14:08:41,-45.9,
20250505,14:08:41,-46.1,
20250505,14:08:41,-46.1,
20250505,14:08:41,-46.2,
20250505,14:08:42,-46.3,
20250505,14:08:42,-46.4,
20250505,14:08:42,-46.4,
20250505,14:08:42,-46.6,
20250505,14:08:43,-46.7,
20250505,14:08:43,-46.7,
20250505,14:08:43,-46.8,
20250505,14:08:44,-46.9,
20250505,14:08:44,-46.9,
20250505,14:08:44,-47,
20250505,14:08:44,-47,
20250505,14:08:45,-47.1,
20250505,14:08:45,-47.4,
20250505,14:08:45,-47.5,
20250505,14:08:46,-47.8,
20250505,14:08:46,-47.9,
20250505,14:08:46,-47.9,
20250505,14:08:46,-47.9,
20250505,14:08:47,-48,
20250505,14:08:47,-47.8,
20250505,14:08:47,-47.8,
20250505,14:08:47,-47.8,
20250505,14:08:48,-47.9,
20250505,14:08:48,-47.8,
20250505,14:08:48,-47.8,
20250505,14:08:49,-47.8,
20250505,14:08:49,-47.7,
20250505,14:08:49,-47.4,
20250505,14:08:49,-47.4,
20250505,14:08:50,-47.2,
20250505,14:08:50,-47.1,
20250505,14:08:50,-47,
20250505,14:08:50,-47,
20250505,14:08:51,-47,
20250505,14:08:51,-47.1,
20250505,14:08:51,-47,
20250505,14:08:52,-47,
20250505,14:08:52,-47.1,
20250505,14:08:52,-47.1,
20250505,14:08:52,-47.1,
20250505,14:08:53,-47.2,
20250505,14:08:53,-47.2,
20250505,14:08:53,-47.3,
20250505,14:08:54,-47.3,
20250505,14:08:54,-47.5,
20250505,14:08:54,-47.6,
20250505,14:08:54,-47.8,
20250505,14:08:55,-47.8,
20250505,14:08:55,-47.9,
20250505,14:08:55,-47.8,
20250505,14:08:55,-47.8,
20250505,14:08:56,-47.7,
20250505,14:08:56,-47.8,
20250505,14:08:56,-47.8,
20250505,14:08:57,-48.1,
20250505,14:08:57,-48.5,
20250505,14:08:57,-48.6,
20250505,14:08:57,-48.7,
20250505,14:08:58,-48.6,
20250505,14:08:58,-48.1,
20250505,14:08:58,-47.6,
20250505,14:08:59,-47,
20250505,14:08:59,-46.3,
20250505,14:08:59,-45.8,
20250505,14:08:59,-45.2,
20250505,14:09:00,-44.8,
20250505,14:09:00,-44.5,
20250505,14:09:00,-44.3,
20250505,14:09:00,-44.2,
20250505,14:09:01,-44.2,
20250505,14:09:01,-44.2,
20250505,14:09:01,-44.2,
20250505,14:09:02,-44.4,
20250505,14:09:02,-44.4,
20250505,14:09:02,-44.4,
20250505,14:09:02,-44.6,
20250505,14:09:03,-44.6,
20250505,14:09:03,-44.6,
20250505,14:09:03,-44.7,
20250505,14:09:03,-44.8,
20250505,14:09:04,-44.9,
20250505,14:09:04,-45.2,
20250505,14:09:04,-45.5,
20250505,14:09:05,-46,
20250505,14:09:05,-46.4,
20250505,14:09:05,-46.6,
20250505,14:09:05,-46.4,
20250505,14:09:06,-46.1,
20250505,14:09:06,-45.7,
20250505,14:09:06,-45.2,
20250505,14:09:07,-44.6,
20250505,14:09:07,-44.3,
20250505,14:09:07,-43.9,
20250505,14:09:07,-43.6,
20250505,14:09:08,-43.5,
20250505,14:09:08,-43.4,
20250505,14:09:08,-43.3,
20250505,14:09:08,-43.2,
20250505,14:09:09,-43.1,
20250505,14:09:09,-43.1,
20250505,14:09:09,-43,
20250505,14:09:10,-43.1,
20250505,14:09:10,-43,
20250505,14:09:10,-43,
20250505,14:09:10,-43,
20250505,14:09:11,-43.1,
20250505,14:09:11,-43.3,
20250505,14:09:11,-43.5,
20250505,14:09:12,-43.6,
20250505,14:09:12,-43.6,
20250505,14:09:12,-43.6,
20250505,14:09:12,-43.4,
20250505,14:09:13,-43.1,
20250505,14:09:13,-42.5,
20250505,14:09:13,-42,
20250505,14:09:13,-41.5,
20250505,14:09:14,-41,
20250505,14:09:14,-40.6,
20250505,14:09:14,-40.2,
20250505,14:09:15,-39.9,
20250505,14:09:15,-39.6,
20250505,14:09:15,-39.4,
20250505,14:09:15,-39.3,
20250505,14:09:16,-39.3,
20250505,14:09:16,-39.3,
20250505,14:09:16,-39.3,
20250505,14:09:17,-39.3,
20250505,14:09:17,-39.3,
20250505,14:09:17,-39.4,
20250505,14:09:17,-39.5,
20250505,14:09:18,-39.8,
20250505,14:09:18,-40.1,
20250505,14:09:18,-40.2,
20250505,14:09:18,-40.2,
20250505,14:09:19,-40.1,
20250505,14:09:19,-39.8,
20250505,14:09:19,-39.4,
20250505,14:09:20,-39.1,
20250505,14:09:20,-38.7,
20250505,14:09:20,-38.4,
20250505,14:09:20,-38.2,
20250505,14:09:21,-38,
20250505,14:09:21,-37.8,
20250505,14:09:21,-37.7,
20250505,14:09:22,-37.6,
20250505,14:09:22,-37.6,
20250505,14:09:22,-37.8,
20250505,14:09:22,-37.9,
20250505,14:09:23,-38.1,
20250505,14:09:23,-38.2,
20250505,14:09:23,-38.3,
20250505,14:09:23,-38.1,
20250505,14:09:24,-37.8,
20250505,14:09:24,-37.7,
20250505,14:09:24,-37.6,
20250505,14:09:25,-37.6,
20250505,14:09:25,-37.3,
20250505,14:09:25,-37.2,
20250505,14:09:25,-37.2,
20250505,14:09:26,-37.1,
20250505,14:09:26,-37,
20250505,14:09:26,-37.3,
20250505,14:09:26,-37.2,
20250505,14:09:27,-37.2,
20250505,14:09:27,-37.3,
20250505,14:09:27,-37.4,
20250505,14:09:28,-37.5,
20250505,14:09:28,-37.6,
20250505,14:09:28,-37.8,
20250505,14:09:28,-37.8,
20250505,14:09:29,-37.8,
20250505,14:09:29,-37.9,
20250505,14:09:29,-37.8,
20250505,14:09:30,-37.9,
20250505,14:09:30,-37.8,
20250505,14:09:30,-37.9,
20250505,14:09:30,-38.1,
20250505,14:09:31,-38.2,
20250505,14:09:31,-38.3,
20250505,14:09:31,-38.3,
20250505,14:09:31,-38.4,
20250505,14:09:32,-38.4,
20250505,14:09:32,-38.6,
20250505,14:09:32,-38.8,
20250505,14:09:33,-38.9,
20250505,14:09:33,-39.1,
20250505,14:09:33,-39.2,
20250505,14:09:33,-39.3,
20250505,14:09:34,-39.4,
20250505,14:09:34,-39.6,
20250505,14:09:34,-39.9,
20250505,14:09:35,-40.1,
20250505,14:09:35,-40.2,
20250505,14:09:35,-40.1,
20250505,14:09:35,-40.3,
20250505,14:09:36,-40.4,
20250505,14:09:36,-40.5,
20250505,14:09:36,-40.6,
20250505,14:09:36,-40.8,
20250505,14:09:37,-41,
20250505,14:09:37,-41,
20250505,14:09:37,-41.6,
20250505,14:09:38,-42,
20250505,14:09:38,-42.5,
20250505,14:09:38,-42.8,
20250505,14:09:38,-43,
20250505,14:09:39,-42.7,
20250505,14:09:39,-42.5,
20250505,14:09:39,-42.1,
20250505,14:09:39,-41.6,
20250505,14:09:40,-41.5,
20250505,14:09:40,-41.1,
20250505,14:09:40,-41,
20250505,14:09:41,-41,
20250505,14:09:41,-40.6,
20250505,14:09:41,-40.9,
20250505,14:09:41,-40.8,
20250505,14:09:42,-40.8,
20250505,14:09:42,-40.8,
20250505,14:09:42,-41,
20250505,14:09:43,-41,
20250505,14:09:43,-41.2,
20250505,14:09:43,-41.4,
20250505,14:09:43,-41.7,
20250505,14:09:44,-41.9,
20250505,14:09:44,-41.9,
20250505,14:09:44,-42.1,
20250505,14:09:44,-42.1,
20250505,14:09:45,-42.3,
20250505,14:09:45,-42.3,
20250505,14:09:45,-42.5,
20250505,14:09:46,-42.5,
20250505,14:09:46,-42.7,
20250505,14:09:46,-42.7,
20250505,14:09:46,-42.7,
20250505,14:09:47,-42.8,
20250505,14:09:47,-42.9,
20250505,14:09:47,-43.1,
20250505,14:09:48,-43.4,
20250505,14:09:48,-43.4,
20250505,14:09:48,-43.6,
20250505,14:09:48,-43.8,
20250505,14:09:49,-44.3,
20250505,14:09:49,-44.7,
20250505,14:09:49,-45.1,
20250505,14:09:49,-45.3,
20250505,14:09:50,-45.3,
20250505,14:09:50,-45.2,
20250505,14:09:50,-44.9,
20250505,14:09:51,-44.6,
20250505,14:09:51,-44.4,
20250505,14:09:51,-44.2,
20250505,14:09:51,-44.1,
20250505,14:09:52,-43.9,
20250505,14:09:52,-44,
20250505,14:09:52,-44.2,
20250505,14:09:53,-44.2,
20250505,14:09:53,-43.8,
20250505,14:09:53,-43.3,
20250505,14:09:53,-42.6,
20250505,14:09:54,-42,
20250505,14:09:54,-41.6,
20250505,14:09:54,-41,
20250505,14:09:54,-40.8,
20250505,14:09:55,-40.6,
20250505,14:09:55,-40.5,
20250505,14:09:55,-40.4,
20250505,14:09:56,-40.5,
20250505,14:09:56,-40.5,
20250505,14:09:56,-40.6,
20250505,14:09:56,-40.8,
20250505,14:09:57,-40.9,
20250505,14:09:57,-41,
20250505,14:09:57,-41.2,
20250505,14:09:57,-41.4,
20250505,14:09:58,-41.7,
20250505,14:09:58,-41.9,
20250505,14:09:58,-42.3,
20250505,14:09:59,-42.7,
20250505,14:09:59,-42.8,
20250505,14:09:59,-43.1,
20250505,14:09:59,-43.2,
20250505,14:10:00,-43.2,
20250505,14:10:00,-43.3,
20250505,14:10:00,-43.4,
20250505,14:10:01,-43.4,
20250505,14:10:01,-43.6,
20250505,14:10:01,-43.7,
20250505,14:10:01,-44,
20250505,14:10:02,-44.3,
20250505,14:10:02,-44.6,
20250505,14:10:02,-44.7,
20250505,14:10:02,-44.6,
20250505,14:10:03,-44.3,
20250505,14:10:03,-43.6,
20250505,14:10:03,-42.7,
20250505,14:10:04,-41.9,
20250505,14:10:04,-41.3,
20250505,14:10:04,-40.7,
20250505,14:10:04,-40.2,
20250505,14:10:05,-40,
20250505,14:10:05,-39.8,
20250505,14:10:05,-39.5,
20250505,14:10:06,-39.1,
20250505,14:10:06,-38.4,
20250505,14:10:06,-37.6,
20250505,14:10:06,-36.8,
20250505,14:10:07,-36.2,
20250505,14:10:07,-35.6,
20250505,14:10:07,-35,
20250505,14:10:07,-34.6,
20250505,14:10:08,-34.2,
20250505,14:10:08,-34,
20250505,14:10:08,-33.9,
20250505,14:10:09,-33.9,
20250505,14:10:09,-33.9,
20250505,14:10:09,-34,
20250505,14:10:09,-34,
20250505,14:10:10,-34,
20250505,14:10:10,-33.5,
20250505,14:10:10,-32.8,
20250505,14:10:10,-32.2,
20250505,14:10:11,-32,
20250505,14:10:11,-31.7,
20250505,14:10:11,-31.6,
20250505,14:10:12,-31.6,
20250505,14:10:12,-31.6,
20250505,14:10:12,-31.6,
20250505,14:10:12,-31.6,
20250505,14:10:13,-31.6,
20250505,14:10:13,-31.8,
20250505,14:10:13,-32,
20250505,14:10:14,-32.2,
20250505,14:10:14,-32.5,
20250505,14:10:14,-32.8,
20250505,14:10:14,-32.9,
20250505,14:10:15,-32.9,
20250505,14:10:15,-32.7,
20250505,14:10:15,-32.5,
20250505,14:10:15,-32.4,
20250505,14:10:16,-32.3,
20250505,14:10:16,-32.2,
20250505,14:10:16,-32.2,
20250505,14:10:17,-32.2,
20250505,14:10:17,-32.1,
20250505,14:10:17,-32,
20250505,14:10:17,-31.9,
20250505,14:10:18,-31.8,
20250505,14:10:18,-31.8,
20250505,14:10:18,-31.8,
20250505,14:10:19,-32,
20250505,14:10:19,-32.2,
20250505,14:10:19,-32.4,
20250505,14:10:19,-32.4,
20250505,14:10:20,-32.2,
20250505,14:10:20,-31.8,
20250505,14:10:20,-31.5,
20250505,14:10:20,-31,
20250505,14:10:21,-30.6,
20250505,14:10:21,-30.1,
20250505,14:10:21,-29.8,
20250505,14:10:22,-29.3,
20250505,14:10:22,-29.1,
20250505,14:10:22,-29,
20250505,14:10:22,-28.9,
20250505,14:10:23,-28.9,
20250505,14:10:23,-29,
20250505,14:10:23,-29.1,
20250505,14:10:24,-29.2,
20250505,14:10:24,-29.3,
20250505,14:10:24,-29.5,
20250505,14:10:24,-29.7,
20250505,14:10:25,-29.9,
20250505,14:10:25,-30,
20250505,14:10:25,-30.1,
20250505,14:10:25,-30.2,
20250505,14:10:26,-30.3,
20250505,14:10:26,-30.3,
20250505,14:10:26,-30.4,
20250505,14:10:27,-30.4,
20250505,14:10:27,-30.5,
20250505,14:10:27,-30.5,
20250505,14:10:27,-30.6,
20250505,14:10:28,-30.7,
20250505,14:10:28,-30.8,
20250505,14:10:28,-31.1,
20250505,14:10:28,-31.4,
20250505,14:10:29,-31.5,
20250505,14:10:29,-31.4,
20250505,14:10:29,-31.1,
20250505,14:10:30,-30.8,
20250505,14:10:30,-30.5,
20250505,14:10:30,-30,
20250505,14:10:30,-29.9,
20250505,14:10:31,-29.7,
20250505,14:10:31,-29.7,
20250505,14:10:31,-29.7,
20250505,14:10:32,-29.7,
20250505,14:10:32,-29.8,
20250505,14:10:32,-29.8,
20250505,14:10:32,-29.9,
20250505,14:10:33,-30,
20250505,14:10:33,-30.1,
20250505,14:10:33,-30.3,
20250505,14:10:33,-30.4,
20250505,14:10:34,-30.5,
20250505,14:10:34,-30.7,
20250505,14:10:34,-30.8,
20250505,14:10:35,-31,
20250505,14:10:35,-31.1,
20250505,14:10:35,-31.3,
20250505,14:10:35,-31.5,
20250505,14:10:36,-31.6,
20250505,14:10:36,-31.9,
20250505,14:10:36,-32,
20250505,14:10:37,-32.3,
20250505,14:10:37,-32.5,
20250505,14:10:37,-32.6,
20250505,14:10:37,-32.9,
20250505,14:10:38,-33,
20250505,14:10:38,-33.2,
20250505,14:10:38,-33.4,
20250505,14:10:38,-33.5,
20250505,14:10:39,-33.8,
20250505,14:10:39,-34,
20250505,14:10:39,-34.2,
20250505,14:10:40,-34.3,
20250505,14:10:40,-34.6,
20250505,14:10:40,-34.8,
20250505,14:10:40,-35,
20250505,14:10:41,-35.2,
20250505,14:10:41,-35.4,
20250505,14:10:41,-35.7,
20250505,14:10:42,-35.8,
20250505,14:10:42,-36,
20250505,14:10:42,-36.2,
20250505,14:10:42,-36.6,
20250505,14:10:43,-37.2,
20250505,14:10:43,-38.1,
20250505,14:10:43,-38.7,
20250505,14:10:43,-39.3,
20250505,14:10:44,-39.3,
20250505,14:10:44,-39.2,
20250505,14:10:44,-38.8,
20250505,14:10:45,-38.4,
20250505,14:10:45,-38,
20250505,14:10:45,-37.7,
20250505,14:10:45,-37.5,
20250505,14:10:46,-37.4,
20250505,14:10:46,-37.4,
20250505,14:10:46,-37.4,
20250505,14:10:46,-37.1,
20250505,14:10:47,-36.7,
20250505,14:10:47,-36.1,
20250505,14:10:47,-35.5,
20250505,14:10:48,-35.1,
20250505,14:10:48,-34.6,
20250505,14:10:48,-34.2,
20250505,14:10:48,-33.7,
20250505,14:10:49,-33.3,
20250505,14:10:49,-33.3,
20250505,14:10:49,-33.2,
20250505,14:10:50,-33.1,
20250505,14:10:50,-33.1,
20250505,14:10:50,-33.1,
20250505,14:10:50,-33.2,
20250505,14:10:51,-33.3,
20250505,14:10:51,-33.5,
20250505,14:10:51,-33.7,
20250505,14:10:51,-34,
20250505,14:10:52,-34.2,
20250505,14:10:52,-34.4,
20250505,14:10:52,-34.7,
20250505,14:10:53,-35,
20250505,14:10:53,-35.8,
20250505,14:10:53,-36.6,
20250505,14:10:53,-37.1,
20250505,14:10:54,-37.3,
20250505,14:10:54,-37.2,
20250505,14:10:54,-36.9,
20250505,14:10:55,-36.5,
20250505,14:10:55,-36,
20250505,14:10:55,-35.6,
20250505,14:10:55,-35.2,
20250505,14:10:56,-34.8,
20250505,14:10:56,-34.2,
20250505,14:10:56,-33.8,
20250505,14:10:56,-33.5,
20250505,14:10:57,-33.2,
20250505,14:10:57,-32.7,
20250505,14:10:57,-32.3,
20250505,14:10:58,-31.8,
20250505,14:10:58,-31.6,
20250505,14:10:58,-31.4,
20250505,14:10:58,-31.2,
20250505,14:10:59,-31.1,
20250505,14:10:59,-31.1,
20250505,14:10:59,-31.3,
20250505,14:10:59,-31.4,
20250505,14:11:00,-31.6,
20250505,14:11:00,-31.7,
20250505,14:11:00,-31.9,
20250505,14:11:01,-32.1,
20250505,14:11:01,-32.3,
20250505,14:11:01,-32.5,
20250505,14:11:01,-32.8,
20250505,14:11:02,-33.1,
20250505,14:11:02,-33.4,
20250505,14:11:02,-33.7,
20250505,14:11:03,-34.2,
20250505,14:11:03,-34.8,
20250505,14:11:03,-35.4,
20250505,14:11:03,-35.9,
20250505,14:11:04,-36.2,
20250505,14:11:04,-36.3,
20250505,14:11:04,-36.2,
20250505,14:11:04,-36,
20250505,14:11:05,-35.9,
20250505,14:11:05,-35.8,
20250505,14:11:05,-35.7,
20250505,14:11:06,-35.7,
20250505,14:11:06,-35.6,
20250505,14:11:06,-35.6,
20250505,14:11:06,-35.7,
20250505,14:11:07,-35.8,
20250505,14:11:07,-35.9,
20250505,14:11:07,-36,
20250505,14:11:08,-36.2,
20250505,14:11:08,-36.3,
20250505,14:11:08,-36.4,
20250505,14:11:08,-36.7,
20250505,14:11:09,-36.7,
20250505,14:11:09,-36.9,
20250505,14:11:09,-37.1,
20250505,14:11:09,-37.4,
20250505,14:11:10,-38,
20250505,14:11:10,-38.4,
20250505,14:11:10,-38.8,
20250505,14:11:11,-38.9,
20250505,14:11:11,-38.8,
20250505,14:11:11,-38.7,
20250505,14:11:11,-38.5,
20250505,14:11:12,-38.4,
20250505,14:11:12,-38.3,
20250505,14:11:12,-38.1,
20250505,14:11:13,-38.2,
20250505,14:11:13,-38.2,
20250505,14:11:13,-38.2,
20250505,14:11:13,-38.3,
20250505,14:11:14,-38.2,
20250505,14:11:14,-38.4,
20250505,14:11:14,-38.5,
20250505,14:11:14,-38.5,
20250505,14:11:15,-38.7,
20250505,14:11:15,-38.7,
20250505,14:11:15,-38.8,
20250505,14:11:16,-38.9,
20250505,14:11:16,-39.2,
20250505,14:11:16,-39.2,
20250505,14:11:16,-39.3,
20250505,14:11:17,-39.3,
20250505,14:11:17,-39.4,
20250505,14:11:17,-39.5,
20250505,14:11:18,-39.7,
20250505,14:11:18,-39.9,
20250505,14:11:18,-40.2,
20250505,14:11:18,-40.3,
20250505,14:11:19,-40.8,
20250505,14:11:19,-41,
20250505,14:11:19,-41.1,
20250505,14:11:19,-41.4,
20250505,14:11:20,-41.4,
20250505,14:11:20,-41.3,
20250505,14:11:20,-41.4,
20250505,14:11:21,-41.3,
20250505,14:11:21,-41.2,
20250505,14:11:21,-41.1,
20250505,14:11:21,-41,
20250505,14:11:22,-41,
20250505,14:11:22,-40.8,
20250505,14:11:22,-40.7,
20250505,14:11:22,-40.6,
20250505,14:11:23,-40.6,
20250505,14:11:23,-40.5,
20250505,14:11:23,-40.4,
20250505,14:11:24,-40.4,
20250505,14:11:24,-40.5,
20250505,14:11:24,-40.5,
20250505,14:11:24,-40.5,
20250505,14:11:25,-40.5,
20250505,14:11:25,-40.6,
20250505,14:11:25,-40.7,
20250505,14:11:26,-41,
20250505,14:11:26,-41.2,
20250505,14:11:26,-41.7,
20250505,14:11:26,-42,
20250505,14:11:27,-42.3,
20250505,14:11:27,-42.2,
20250505,14:11:27,-42,
20250505,14:11:27,-41.8,
20250505,14:11:28,-41.4,
20250505,14:11:28,-41,
20250505,14:11:28,-40.7,
20250505,14:11:29,-40.3,
20250505,14:11:29,-40.1,
20250505,14:11:29,-39.9,
20250505,14:11:29,-39.7,
20250505,14:11:30,-39.5,
20250505,14:11:30,-39.6,
20250505,14:11:30,-39.5,
20250505,14:11:31,-39.6,
20250505,14:11:31,-39.6,
20250505,14:11:31,-39.7,
20250505,14:11:31,-39.8,
20250505,14:11:32,-39.9,
20250505,14:11:32,-40,
20250505,14:11:32,-40.1,
20250505,14:11:32,-40.2,
20250505,14:11:33,-40.2,
20250505,14:11:33,-40.3,
20250505,14:11:33,-40.4,
20250505,14:11:34,-40.5,
20250505,14:11:34,-40.6,
20250505,14:11:34,-40.7,
20250505,14:11:34,-40.8,
20250505,14:11:35,-40.8,
20250505,14:11:35,-41,
20250505,14:11:35,-41,
20250505,14:11:35,-41,
20250505,14:11:36,-41,
20250505,14:11:36,-41.2,
20250505,14:11:36,-41.3,
20250505,14:11:37,-41.7,
20250505,14:11:37,-42,
20250505,14:11:37,-42.4,
20250505,14:11:37,-42.7,
20250505,14:11:38,-42.9,
20250505,14:11:38,-42.9,
20250505,14:11:38,-43,
20250505,14:11:39,-43,
20250505,14:11:39,-42.8,
20250505,14:11:39,-42.7,
20250505,14:11:39,-42.6,
20250505,14:11:40,-42.5,
20250505,14:11:40,-42.5,
20250505,14:11:40,-42.5,
20250505,14:11:40,-42.5,
20250505,14:11:41,-42.6,
20250505,14:11:41,-42.6,
20250505,14:11:41,-42.5,
20250505,14:11:42,-42.7,
20250505,14:11:42,-42.6,
20250505,14:11:42,-42.5,
20250505,14:11:42,-42.6,
20250505,14:11:43,-42.6,
20250505,14:11:43,-42.7,
20250505,14:11:43,-42.7,
20250505,14:11:44,-42.7,
20250505,14:11:44,-42.8,
20250505,14:11:44,-43,
20250505,14:11:44,-43,
20250505,14:11:45,-43,
20250505,14:11:45,-42.8,
20250505,14:11:45,-42.7,
20250505,14:11:45,-42.6,
20250505,14:11:46,-42.3,
20250505,14:11:46,-41.8,
20250505,14:11:46,-41.2,
20250505,14:11:47,-40.7,
20250505,14:11:47,-40.2,
20250505,14:11:47,-39.7,
20250505,14:11:47,-39.3,
20250505,14:11:48,-39.1,
20250505,14:11:48,-38.7,
20250505,14:11:48,-38.4,
20250505,14:11:49,-38.3,
20250505,14:11:49,-38.2,
20250505,14:11:49,-38.2,
20250505,14:11:49,-38.2,
20250505,14:11:50,-38.3,
20250505,14:11:50,-38.4,
20250505,14:11:50,-38.4,
20250505,14:11:50,-38.4,
20250505,14:11:51,-38.4,
20250505,14:11:51,-38.3,
20250505,14:11:51,-38.3,
20250505,14:11:52,-38.3,
20250505,14:11:52,-38.4,
20250505,14:11:52,-38.5,
20250505,14:11:52,-38.6,
20250505,14:11:53,-38.6,
20250505,14:11:53,-38.5,
20250505,14:11:53,-38.4,
20250505,14:11:53,-38.3,
20250505,14:11:54,-38.1,
20250505,14:11:54,-38,
20250505,14:11:54,-37.9,
20250505,14:11:55,-37.8,
20250505,14:11:55,-37.6,
20250505,14:11:55,-37.6,
20250505,14:11:55,-37.6,
20250505,14:11:56,-37.6,
20250505,14:11:56,-37.6,
20250505,14:11:56,-37.7,
20250505,14:11:57,-37.7,
20250505,14:11:57,-37.8,
20250505,14:11:57,-37.9,
20250505,14:11:57,-38,
20250505,14:11:58,-38.1,
20250505,14:11:58,-38.2,
20250505,14:11:58,-38.3,
20250505,14:11:58,-38.4,
20250505,14:11:59,-38.4,
20250505,14:11:59,-38.4,
20250505,14:11:59,-38.6,
20250505,14:12:00,-38.8,
20250505,14:12:00,-39.1,
20250505,14:12:00,-39.3,
20250505,14:12:00,-39.5,
20250505,14:12:01,-39.6,
20250505,14:12:01,-39.5,
20250505,14:12:01,-39.6,
20250505,14:12:02,-39.6,
20250505,14:12:02,-39.6,
20250505,14:12:02,-39.6,
20250505,14:12:02,-39.8,
20250505,14:12:03,-39.8,
20250505,14:12:03,-39.7,
20250505,14:12:03,-39.6,
20250505,14:12:03,-39.5,
20250505,14:12:04,-39.3,
20250505,14:12:04,-39.3,
20250505,14:12:04,-39.3,
20250505,14:12:05,-39.2,
20250505,14:12:05,-39.1,
20250505,14:12:05,-39.3,
20250505,14:12:05,-39.3,
20250505,14:12:06,-39.3,
20250505,14:12:06,-39.1,
20250505,14:12:06,-38.8,
20250505,14:12:07,-38.5,
20250505,14:12:07,-38.2,
20250505,14:12:07,-37.9,
20250505,14:12:07,-37.6,
20250505,14:12:08,-37.3,
20250505,14:12:08,-37.1,
20250505,14:12:08,-36.9,
20250505,14:12:08,-36.8,
20250505,14:12:09,-36.8,
20250505,14:12:09,-36.7,
20250505,14:12:09,-36.8,
20250505,14:12:10,-36.7,
20250505,14:12:10,-36.7,
20250505,14:12:10,-36.7,
20250505,14:12:10,-36.7,
20250505,14:12:11,-36.6,
20250505,14:12:11,-36.7,
20250505,14:12:11,-36.6,
20250505,14:12:12,-36.7,
20250505,14:12:12,-36.6,
20250505,14:12:12,-36.6,
20250505,14:12:12,-36.7,
20250505,14:12:13,-36.8,
20250505,14:12:13,-36.8,
20250505,14:12:13,-36.9,
20250505,14:12:13,-37.1,
20250505,14:12:14,-37,
20250505,14:12:14,-37.2,
20250505,14:12:14,-37.3,
20250505,14:12:15,-37.3,
20250505,14:12:15,-37.6,
20250505,14:12:15,-37.9,
20250505,14:12:15,-38.4,
20250505,14:12:16,-38.8,
20250505,14:12:16,-39,
20250505,14:12:16,-39,
20250505,14:12:16,-38.8,
20250505,14:12:17,-38.6,
20250505,14:12:17,-38.3,
20250505,14:12:17,-38.1,
20250505,14:12:18,-37.9,
20250505,14:12:18,-37.8,
20250505,14:12:18,-37.7,
20250505,14:12:18,-37.6,
20250505,14:12:19,-37.6,
20250505,14:12:19,-37.6,
20250505,14:12:19,-37.7,
20250505,14:12:20,-38,
20250505,14:12:20,-38.2,
20250505,14:12:20,-38.2,
20250505,14:12:20,-38.3,
20250505,14:12:21,-38.1,
20250505,14:12:21,-37.9,
20250505,14:12:21,-37.6,
20250505,14:12:21,-37.3,
20250505,14:12:22,-36.8,
20250505,14:12:22,-36.2,
20250505,14:12:22,-35.5,
20250505,14:12:23,-34.7,
20250505,14:12:23,-33.9,
20250505,14:12:23,-33.2,
20250505,14:12:23,-32.5,
20250505,14:12:24,-31.7,
20250505,14:12:24,-31.3,
20250505,14:12:24,-30.8,
20250505,14:12:24,-30.5,
20250505,14:12:25,-30.2,
20250505,14:12:25,-30,
20250505,14:12:25,-29.9,
20250505,14:12:26,-29.9,
20250505,14:12:26,-29.8,
20250505,14:12:26,-29.9,
20250505,14:12:26,-29.9,
20250505,14:12:27,-29.9,
20250505,14:12:27,-30,
20250505,14:12:27,-30.1,
20250505,14:12:28,-30.2,
20250505,14:12:28,-30.3,
20250505,14:12:28,-30.4,
20250505,14:12:28,-30.6,
20250505,14:12:29,-30.6,
20250505,14:12:29,-30.7,
20250505,14:12:29,-30.8,
20250505,14:12:29,-31,
20250505,14:12:30,-31,
20250505,14:12:30,-31.1,
20250505,14:12:30,-31.2,
20250505,14:12:31,-31.4,
20250505,14:12:31,-31.4,
20250505,14:12:31,-31.6,
20250505,14:12:31,-31.6,
20250505,14:12:32,-31.8,
20250505,14:12:32,-32,
20250505,14:12:32,-32.3,
20250505,14:12:33,-32.6,
20250505,14:12:33,-33.2,
20250505,14:12:33,-33.5,
20250505,14:12:33,-33.9,
20250505,14:12:34,-34,
20250505,14:12:34,-34.1,
20250505,14:12:34,-34,
20250505,14:12:34,-34,
20250505,14:12:35,-33.8,
20250505,14:12:35,-33.7,
20250505,14:12:35,-33.7,
20250505,14:12:36,-33.6,
20250505,14:12:36,-33.5,
20250505,14:12:36,-33.6,
20250505,14:12:36,-33.6,
20250505,14:12:37,-33.8,
20250505,14:12:37,-34,
20250505,14:12:37,-34.2,
20250505,14:12:38,-34.2,
20250505,14:12:38,-34.2,
20250505,14:12:38,-34.2,
20250505,14:12:38,-34.3,
20250505,14:12:39,-34.4,
20250505,14:12:39,-34.5,
20250505,14:12:39,-34.6,
20250505,14:12:39,-34.7,
20250505,14:12:40,-34.8,
20250505,14:12:40,-34.9,
20250505,14:12:40,-35,
20250505,14:12:41,-35.1,
20250505,14:12:41,-35.3,
20250505,14:12:41,-35.4,
20250505,14:12:41,-35.6,
20250505,14:12:42,-35.6,
20250505,14:12:42,-35.8,
20250505,14:12:42,-35.9,
20250505,14:12:42,-35.9,
20250505,14:12:43,-36.2,
20250505,14:12:43,-36.3,
20250505,14:12:43,-36.5,
20250505,14:12:44,-36.7,
20250505,14:12:44,-36.8,
20250505,14:12:44,-37,
20250505,14:12:44,-37.1,
20250505,14:12:45,-37.3,
20250505,14:12:45,-37.4,
20250505,14:12:45,-37.5,
20250505,14:12:46,-37.6,
20250505,14:12:46,-37.7,
20250505,14:12:46,-37.8,
20250505,14:12:46,-37.9,
20250505,14:12:47,-38,
20250505,14:12:47,-38.2,
20250505,14:12:47,-38.2,
20250505,14:12:47,-38.3,
20250505,14:12:48,-38.4,
20250505,14:12:48,-38.5,
20250505,14:12:48,-38.7,
20250505,14:12:49,-39.1,
20250505,14:12:49,-39.4,
20250505,14:12:49,-40,
20250505,14:12:49,-40.3,
20250505,14:12:50,-40.6,
20250505,14:12:50,-40.7,
20250505,14:12:50,-40.7,
20250505,14:12:51,-40.6,
20250505,14:12:51,-40.5,
20250505,14:12:51,-40.4,
20250505,14:12:51,-40.4,
20250505,14:12:52,-40.4,
20250505,14:12:52,-40.4,
20250505,14:12:52,-40.3,
20250505,14:12:52,-40.1,
20250505,14:12:53,-39.7,
20250505,14:12:53,-39.4,
20250505,14:12:53,-39.2,
20250505,14:12:54,-38.9,
20250505,14:12:54,-38.8,
20250505,14:12:54,-38.6,
20250505,14:12:54,-38.5,
20250505,14:12:55,-38.5,
20250505,14:12:55,-38.5,
20250505,14:12:55,-38.6,
20250505,14:12:56,-38.6,
20250505,14:12:56,-38.7,
20250505,14:12:56,-38.8,
20250505,14:12:56,-38.9,
20250505,14:12:57,-39.1,
20250505,14:12:57,-39.2,
20250505,14:12:57,-39.3,
20250505,14:12:57,-39.4,
20250505,14:12:58,-39.4,
20250505,14:12:58,-39.5,
20250505,14:12:58,-39.6,
20250505,14:12:59,-39.7,
20250505,14:12:59,-39.8,
20250505,14:12:59,-39.9,
20250505,14:12:59,-40,
20250505,14:13:00,-40.2,
20250505,14:13:00,-40.2,
20250505,14:13:00,-40.2,
20250505,14:13:00,-40.3,
20250505,14:13:01,-40.3,
20250505,14:13:01,-40.2,
20250505,14:13:01,-40.3,
20250505,14:13:02,-40.3,
20250505,14:13:02,-40.4,
20250505,14:13:02,-40.4,
20250505,14:13:02,-40.5,
20250505,14:13:03,-40.5,
20250505,14:13:03,-40.5,
20250505,14:13:03,-40.6,
20250505,14:13:04,-40.7,
20250505,14:13:04,-40.7,
20250505,14:13:04,-40.8,
20250505,14:13:04,-40.8,
20250505,14:13:05,-41,
20250505,14:13:05,-41.1,
20250505,14:13:05,-41.7,
20250505,14:13:05,-42.2,
20250505,14:13:06,-42.7,
20250505,14:13:06,-43,
20250505,14:13:06,-43,
20250505,14:13:07,-42.7,
20250505,14:13:07,-42.3,
20250505,14:13:07,-41.9,
20250505,14:13:07,-41.4,
20250505,14:13:08,-41,
20250505,14:13:08,-40.7,
20250505,14:13:08,-40.4,
20250505,14:13:09,-40.2,
20250505,14:13:09,-40.2,
20250505,14:13:09,-40.1,
20250505,14:13:09,-40.2,
20250505,14:13:10,-40.2,
20250505,14:13:10,-40.1,
20250505,14:13:10,-39.7,
20250505,14:13:10,-39.3,
20250505,14:13:11,-39,
20250505,14:13:11,-38.7,
20250505,14:13:11,-38.4,
20250505,14:13:12,-38.3,
20250505,14:13:12,-38.1,
20250505,14:13:12,-38,
20250505,14:13:12,-37.9,
20250505,14:13:13,-37.9,
20250505,14:13:13,-38,
20250505,14:13:13,-38.1,
20250505,14:13:14,-38.2,
20250505,14:13:14,-38.3,
20250505,14:13:14,-38.4,
20250505,14:13:14,-38.5,
20250505,14:13:15,-38.7,
20250505,14:13:15,-38.9,
20250505,14:13:15,-39.2,
20250505,14:13:15,-39.3,
20250505,14:13:16,-39.4,
20250505,14:13:16,-39.5,
20250505,14:13:16,-39.6,
20250505,14:13:17,-39.8,
20250505,14:13:17,-40,
20250505,14:13:17,-40.3,
20250505,14:13:17,-40.8,
20250505,14:13:18,-41.1,
20250505,14:13:18,-41.4,
20250505,14:13:18,-41.4,
20250505,14:13:18,-41.2,
20250505,14:13:19,-41.1,
20250505,14:13:19,-41,
20250505,14:13:19,-40.8,
20250505,14:13:20,-40.7,
20250505,14:13:20,-40.5,
20250505,14:13:20,-40.4,
20250505,14:13:20,-40.4,
20250505,14:13:21,-40.3,
20250505,14:13:21,-40.2,
20250505,14:13:21,-40.2,
20250505,14:13:22,-40.2,
20250505,14:13:22,-40.1,
20250505,14:13:22,-40,
20250505,14:13:22,-40.1,
20250505,14:13:23,-40,
20250505,14:13:23,-40.1,
20250505,14:13:23,-40,
20250505,14:13:23,-40.1,
20250505,14:13:24,-40.2,
20250505,14:13:24,-40.4,
20250505,14:13:24,-40.4,
20250505,14:13:25,-40.4,
20250505,14:13:25,-40.6,
20250505,14:13:25,-40.6,
20250505,14:13:25,-40.6,
20250505,14:13:26,-40.7,
20250505,14:13:26,-40.6,
20250505,14:13:26,-40.5,
20250505,14:13:27,-40.6,
20250505,14:13:27,-40.4,
20250505,14:13:27,-40.5,
20250505,14:13:27,-40.3,
20250505,14:13:28,-40.3,
20250505,14:13:28,-40.4,
20250505,14:13:28,-40.4,
20250505,14:13:28,-40.6,
20250505,14:13:29,-40.9,
20250505,14:13:29,-41.2,
20250505,14:13:29,-41.5,
20250505,14:13:30,-41.6,
20250505,14:13:30,-41.5,
20250505,14:13:30,-41.2,
20250505,14:13:30,-41,
20250505,14:13:31,-40.8,
20250505,14:13:31,-40.3,
20250505,14:13:31,-40,
20250505,14:13:31,-39.3,
20250505,14:13:32,-38.8,
20250505,14:13:32,-38.5,
20250505,14:13:32,-38.1,
20250505,14:13:33,-37.9,
20250505,14:13:33,-37.6,
20250505,14:13:33,-37.3,
20250505,14:13:33,-37.2,
20250505,14:13:34,-37.1,
20250505,14:13:34,-37.2,
20250505,14:13:34,-37,
20250505,14:13:35,-37.1,
20250505,14:13:35,-37,
20250505,14:13:35,-37,
20250505,14:13:35,-36.9,
20250505,14:13:36,-36.8,
20250505,14:13:36,-36.8,
20250505,14:13:36,-36.8,
20250505,14:13:36,-36.9,
20250505,14:13:37,-36.9,
20250505,14:13:37,-36.9,
20250505,14:13:37,-36.9,
20250505,14:13:38,-37,
20250505,14:13:38,-37.1,
20250505,14:13:38,-37.2,
20250505,14:13:38,-37.3,
20250505,14:13:39,-37.6,
20250505,14:13:39,-37.8,
20250505,14:13:39,-38.3,
20250505,14:13:40,-38.7,
20250505,14:13:40,-38.9,
20250505,14:13:40,-38.9,
20250505,14:13:40,-38.6,
20250505,14:13:41,-38.3,
20250505,14:13:41,-38,
20250505,14:13:41,-37.7,
20250505,14:13:41,-37.6,
20250505,14:13:42,-37.3,
20250505,14:13:42,-37,
20250505,14:13:42,-36.8,
20250505,14:13:43,-36.5,
20250505,14:13:43,-36.3,
20250505,14:13:43,-36.1,
20250505,14:13:43,-35.9,
20250505,14:13:44,-35.7,
20250505,14:13:44,-35.2,
20250505,14:13:44,-34.2,
20250505,14:13:45,-33.4,
20250505,14:13:45,-32.6,
20250505,14:13:45,-31.9,
20250505,14:13:45,-31.3,
20250505,14:13:46,-30.7,
20250505,14:13:46,-30,
20250505,14:13:46,-29.5,
20250505,14:13:46,-29,
20250505,14:13:47,-28.6,
20250505,14:13:47,-28.3,
20250505,14:13:47,-28.2,
20250505,14:13:48,-28.1,
20250505,14:13:48,-28,
20250505,14:13:48,-27.9,
20250505,14:13:48,-27.9,
20250505,14:13:49,-27.9,
20250505,14:13:49,-27.9,
20250505,14:13:49,-27.9,
20250505,14:13:49,-28.1,
20250505,14:13:50,-28.3,
20250505,14:13:50,-28.6,
20250505,14:13:50,-28.9,
20250505,14:13:51,-28.8,
20250505,14:13:51,-28.8,
20250505,14:13:51,-28.7,
20250505,14:13:51,-28.4,
20250505,14:13:52,-28.3,
20250505,14:13:52,-28.2,
20250505,14:13:52,-28.2,
20250505,14:13:53,-28.2,
20250505,14:13:53,-28.2,
20250505,14:13:53,-28.2,
20250505,14:13:53,-28.2,
20250505,14:13:54,-28.1,
20250505,14:13:54,-28.1,
20250505,14:13:54,-28.2,
20250505,14:13:54,-28.2,
20250505,14:13:55,-28.2,
20250505,14:13:55,-28.3,
20250505,14:13:55,-28.7,
20250505,14:13:56,-28.9,
20250505,14:13:56,-29.1,
20250505,14:13:56,-29,
20250505,14:13:56,-28.9,
20250505,14:13:57,-28.8,
20250505,14:13:57,-28.6,
20250505,14:13:57,-28.4,
20250505,14:13:58,-28.2,
20250505,14:13:58,-28.2,
20250505,14:13:58,-28.1,
20250505,14:13:58,-28,
20250505,14:13:59,-28,
20250505,14:13:59,-27.9,
20250505,14:13:59,-28,
20250505,14:13:59,-28,
20250505,14:14:00,-28,
20250505,14:14:00,-28,
20250505,14:14:00,-28.2,
20250505,14:14:01,-28.2,
20250505,14:14:01,-28.2,
20250505,14:14:01,-28.4,
20250505,14:14:01,-28.5,
20250505,14:14:02,-28.7,
20250505,14:14:02,-28.9,
20250505,14:14:02,-29,
20250505,14:14:03,-29.1,
20250505,14:14:03,-29.2,
20250505,14:14:03,-29.3,
20250505,14:14:03,-29.6,
20250505,14:14:04,-29.7,
20250505,14:14:04,-29.9,
20250505,14:14:04,-30.1,
20250505,14:14:04,-30.5,
20250505,14:14:05,-31,
20250505,14:14:05,-31.6,
20250505,14:14:05,-32.1,
20250505,14:14:06,-32.5,
20250505,14:14:06,-32.5,
20250505,14:14:06,-32.5,
20250505,14:14:06,-32.4,
20250505,14:14:07,-32.4,
20250505,14:14:07,-32.4,
20250505,14:14:07,-32.1,
20250505,14:14:08,-32.1,
20250505,14:14:08,-32.2,
20250505,14:14:08,-32.2,
20250505,14:14:08,-32.1,
20250505,14:14:09,-32.2,
20250505,14:14:09,-32.4,
20250505,14:14:09,-32.5,
20250505,14:14:09,-32.6,
20250505,14:14:10,-32.8,
20250505,14:14:10,-33.1,
20250505,14:14:10,-33.4,
20250505,14:14:11,-33.6,
20250505,14:14:11,-33.7,
20250505,14:14:11,-33.8,
20250505,14:14:11,-34,
20250505,14:14:12,-34,
20250505,14:14:12,-34,
20250505,14:14:12,-34.1,
20250505,14:14:12,-34.2,
20250505,14:14:13,-34.2,
20250505,14:14:13,-34.4,
20250505,14:14:13,-34.6,
20250505,14:14:14,-35,
20250505,14:14:14,-35,
20250505,14:14:14,-35.2,
20250505,14:14:14,-35.3,
20250505,14:14:15,-35.4,
20250505,14:14:15,-35.9,
20250505,14:14:15,-35.8,
20250505,14:14:16,-35.9,
20250505,14:14:16,-35.9,
20250505,14:14:16,-35.8,
20250505,14:14:16,-35.7,
20250505,14:14:17,-35.6,
20250505,14:14:17,-35.5,
20250505,14:14:17,-35.6,
20250505,14:14:17,-35.8,
20250505,14:14:18,-35.7,
20250505,14:14:18,-35.3,
20250505,14:14:18,-34.4,
20250505,14:14:19,-33.6,
20250505,14:14:19,-32.5,
20250505,14:14:19,-31.6,
20250505,14:14:19,-30.8,
20250505,14:14:20,-30.1,
20250505,14:14:20,-29.7,
20250505,14:14:20,-29.3,
20250505,14:14:21,-29,
20250505,14:14:21,-28.8,
20250505,14:14:21,-28.6,
20250505,14:14:21,-28.4,
20250505,14:14:22,-28.3,
20250505,14:14:22,-28.4,
20250505,14:14:22,-28.5,
20250505,14:14:22,-28.6,
20250505,14:14:23,-28.7,
20250505,14:14:23,-28.9,
20250505,14:14:23,-29.2,
20250505,14:14:24,-29.6,
20250505,14:14:24,-29.6,
20250505,14:14:24,-29.3,
20250505,14:14:24,-29.1,
20250505,14:14:25,-28.7,
20250505,14:14:25,-28.3,
20250505,14:14:25,-28.1,
20250505,14:14:26,-27.9,
20250505,14:14:26,-27.7,
20250505,14:14:26,-27.7,
20250505,14:14:26,-27.7,
20250505,14:14:27,-27.7,
20250505,14:14:27,-27.8,
20250505,14:14:27,-27.8,
20250505,14:14:27,-27.7,
20250505,14:14:28,-27.5,
20250505,14:14:28,-27.2,
20250505,14:14:28,-27,
20250505,14:14:29,-26.9,
20250505,14:14:29,-26.8,
20250505,14:14:29,-26.9,
20250505,14:14:29,-26.9,
20250505,14:14:30,-27,
20250505,14:14:30,-27.1,
20250505,14:14:30,-27.2,
20250505,14:14:30,-27.2,
20250505,14:14:31,-27.2,
20250505,14:14:31,-27.3,
20250505,14:14:31,-27.3,
20250505,14:14:32,-27.5,
20250505,14:14:32,-27.8,
20250505,14:14:32,-27.9,
20250505,14:14:32,-28.1,
20250505,14:14:33,-28.3,
20250505,14:14:33,-28.4,
20250505,14:14:33,-28.7,
20250505,14:14:34,-28.9,
20250505,14:14:34,-29.1,
20250505,14:14:34,-29.3,
20250505,14:14:34,-29.4,
20250505,14:14:35,-29.5,
20250505,14:14:35,-29.6,
20250505,14:14:35,-29.8,
20250505,14:14:35,-30,
20250505,14:14:36,-30.3,
20250505,14:14:36,-30.6,
20250505,14:14:36,-30.8,
20250505,14:14:37,-30.9,
20250505,14:14:37,-30.9,
20250505,14:14:37,-30.8,
20250505,14:14:37,-30.8,
20250505,14:14:38,-30.8,
20250505,14:14:38,-30.8,
20250505,14:14:38,-30.7,
20250505,14:14:39,-30.8,
20250505,14:14:39,-30.9,
20250505,14:14:39,-31,
20250505,14:14:39,-31.4,
20250505,14:14:40,-31.6,
20250505,14:14:40,-32,
20250505,14:14:40,-32,
20250505,14:14:40,-32,
20250505,14:14:41,-31.7,
20250505,14:14:41,-31.6,
20250505,14:14:41,-31.4,
20250505,14:14:42,-31.2,
20250505,14:14:42,-31.1,
20250505,14:14:42,-31,
20250505,14:14:42,-30.9,
20250505,14:14:43,-31,
20250505,14:14:43,-31,
20250505,14:14:43,-31.1,
20250505,14:14:43,-31.3,
20250505,14:14:44,-31.5,
20250505,14:14:44,-31.6,
20250505,14:14:44,-31.9,
20250505,14:14:45,-32.1,
20250505,14:14:45,-32.3,
20250505,14:14:45,-32.1,
20250505,14:14:45,-31.7,
20250505,14:14:46,-31.5,
20250505,14:14:46,-31.3,
20250505,14:14:46,-31.2,
20250505,14:14:47,-31,
20250505,14:14:47,-30.8,
20250505,14:14:47,-30.3,
20250505,14:14:47,-29.9,
20250505,14:14:48,-29.9,
20250505,14:14:48,-29.8,
20250505,14:14:48,-29.5,
20250505,14:14:48,-29.1,
20250505,14:14:49,-28.3,
20250505,14:14:49,-27.9,
20250505,14:14:49,-27.6,
20250505,14:14:50,-27.4,
20250505,14:14:50,-27.3,
20250505,14:14:50,-27.2,
20250505,14:14:50,-27.1,
20250505,14:14:51,-26.8,
20250505,14:14:51,-26.8,
20250505,14:14:51,-26.7,
20250505,14:14:52,-26.7,
20250505,14:14:52,-26.7,
20250505,14:14:52,-26.9,
20250505,14:14:52,-27.1,
20250505,14:14:53,-27.3,
20250505,14:14:53,-27.4,
20250505,14:14:53,-27.6,
20250505,14:14:53,-27.5,
20250505,14:14:54,-27.4,
20250505,14:14:54,-27.3,
20250505,14:14:54,-27.5,
20250505,14:14:55,-27.7,
20250505,14:14:55,-27.9,
20250505,14:14:55,-28,
20250505,14:14:55,-28,
20250505,14:14:56,-28.1,
20250505,14:14:56,-28.2,
20250505,14:14:56,-28.2,
20250505,14:14:57,-28.3,
20250505,14:14:57,-28.7,
20250505,14:14:57,-29,
20250505,14:14:57,-29,
20250505,14:14:58,-29,
20250505,14:14:58,-28.8,
20250505,14:14:58,-28.5,
20250505,14:14:58,-28.2,
20250505,14:14:59,-28.1,
20250505,14:14:59,-27.9,
20250505,14:14:59,-27.7,
20250505,14:15:00,-27.6,
20250505,14:15:00,-27.5,
20250505,14:15:00,-27.5,
20250505,14:15:00,-27.4,
20250505,14:15:01,-27.5,
20250505,14:15:01,-27.5,
20250505,14:15:01,-27.6,
20250505,14:15:01,-27.6,
20250505,14:15:02,-27.7,
20250505,14:15:02,-27.8,
20250505,14:15:02,-27.9,
20250505,14:15:03,-28,
20250505,14:15:03,-28.2,
20250505,14:15:03,-28.2,
20250505,14:15:03,-28.3,
20250505,14:15:04,-28.5,
20250505,14:15:04,-28.7,
20250505,14:15:04,-28.8,
20250505,14:15:05,-29,
20250505,14:15:05,-29,
20250505,14:15:05,-29.1,
20250505,14:15:05,-29.2,
20250505,14:15:06,-29.4,
20250505,14:15:06,-29.5,
20250505,14:15:06,-29.7,
20250505,14:15:06,-29.8,
20250505,14:15:07,-29.9,
20250505,14:15:07,-30,
20250505,14:15:07,-30.2,
20250505,14:15:08,-30.2,
20250505,14:15:08,-30.5,
20250505,14:15:08,-30.6,
20250505,14:15:08,-30.8,
20250505,14:15:09,-30.8,
20250505,14:15:09,-30.9,
20250505,14:15:09,-31.2,
20250505,14:15:10,-31.4,
20250505,14:15:10,-31.7,
20250505,14:15:10,-31.9,
20250505,14:15:10,-32,
20250505,14:15:11,-32.2,
20250505,14:15:11,-32.3,
20250505,14:15:11,-32.5,
20250505,14:15:11,-32.5,
20250505,14:15:12,-32.5,
20250505,14:15:12,-32.5,
20250505,14:15:12,-32.6,
20250505,14:15:13,-32.6,
20250505,14:15:13,-32.6,
20250505,14:15:13,-32.8,
20250505,14:15:13,-33,
20250505,14:15:14,-33.2,
20250505,14:15:14,-33.3,
20250505,14:15:14,-33.4,
20250505,14:15:15,-33.6,
20250505,14:15:15,-33.8,
20250505,14:15:15,-34.1,
20250505,14:15:15,-34.1,
20250505,14:15:16,-34.2,
20250505,14:15:16,-34.2,
20250505,14:15:16,-34.3,
20250505,14:15:16,-34.4,
20250505,14:15:17,-34.5,
20250505,14:15:17,-34.6,
20250505,14:15:17,-34.8,
20250505,14:15:18,-34.8,
20250505,14:15:18,-34.8,
20250505,14:15:18,-34.9,
20250505,14:15:18,-34.8,
20250505,14:15:19,-34.7,
20250505,14:15:19,-34.6,
20250505,14:15:19,-34.8,
20250505,14:15:19,-34.8,
20250505,14:15:20,-35,
20250505,14:15:20,-35,
20250505,14:15:20,-35.2,
20250505,14:15:21,-35.4,
20250505,14:15:21,-35.5,
20250505,14:15:21,-35.6,
20250505,14:15:21,-35.7,
20250505,14:15:22,-35.9,
20250505,14:15:22,-36,
20250505,14:15:22,-36.3,
20250505,14:15:23,-36.7,
20250505,14:15:23,-36.8,
20250505,14:15:23,-37,
20250505,14:15:23,-37.1,
20250505,14:15:24,-37.2,
20250505,14:15:24,-37.2,
20250505,14:15:24,-37.2,
20250505,14:15:24,-37.2,
20250505,14:15:25,-37.1,
20250505,14:15:25,-37,
20250505,14:15:25,-36.9,
20250505,14:15:26,-36.7,
20250505,14:15:26,-36.7,
20250505,14:15:26,-36.6,
20250505,14:15:26,-36.5,
20250505,14:15:27,-36.5,
20250505,14:15:27,-36.5,
20250505,14:15:27,-36.3,
20250505,14:15:28,-36.2,
20250505,14:15:28,-36.2,
20250505,14:15:28,-36.2,
20250505,14:15:28,-36.3,
20250505,14:15:29,-36.6,
20250505,14:15:29,-37,
20250505,14:15:29,-37.4,
20250505,14:15:29,-37.6,
20250505,14:15:30,-37.6,
20250505,14:15:30,-37.4,
20250505,14:15:30,-36.9,
20250505,14:15:31,-36.7,
20250505,14:15:31,-36.5,
20250505,14:15:31,-36.3,
20250505,14:15:31,-36,
20250505,14:15:32,-35.8,
20250505,14:15:32,-35.8,
20250505,14:15:32,-35.8,
20250505,14:15:33,-35.8,
20250505,14:15:33,-35.5,
20250505,14:15:33,-35.1,
20250505,14:15:33,-34.8,
20250505,14:15:34,-34.4,
20250505,14:15:34,-34.2,
20250505,14:15:34,-34.1,
20250505,14:15:34,-34,
20250505,14:15:35,-34,
20250505,14:15:35,-34.2,
20250505,14:15:35,-34.5,
20250505,14:15:36,-35,
20250505,14:15:36,-35.4,
20250505,14:15:36,-36,
20250505,14:15:36,-36.5,
20250505,14:15:37,-36.7,
20250505,14:15:37,-36.5,
20250505,14:15:37,-36.3,
20250505,14:15:37,-36,
20250505,14:15:38,-35.9,
20250505,14:15:38,-35.9,
20250505,14:15:38,-35.9,
20250505,14:15:39,-35.8,
20250505,14:15:39,-35.6,
20250505,14:15:39,-35.3,
20250505,14:15:39,-35.1,
20250505,14:15:40,-35.2,
20250505,14:15:40,-35.5,
20250505,14:15:40,-35.7,
20250505,14:15:41,-35.9,
20250505,14:15:41,-35.9,
20250505,14:15:41,-36.1,
20250505,14:15:41,-36.1,
20250505,14:15:42,-36.2,
20250505,14:15:42,-36.3,
20250505,14:15:42,-36.4,
20250505,14:15:42,-36.7,
20250505,14:15:43,-36.8,
20250505,14:15:43,-37.1,
20250505,14:15:43,-37.1,
20250505,14:15:44,-37.1,
20250505,14:15:44,-36.9,
20250505,14:15:44,-36.7,
20250505,14:15:44,-36.7,
20250505,14:15:45,-36.5,
20250505,14:15:45,-36.4,
20250505,14:15:45,-36.2,
20250505,14:15:46,-35.9,
20250505,14:15:46,-35.8,
20250505,14:15:46,-35.5,
20250505,14:15:46,-35.3,
20250505,14:15:47,-35.2,
20250505,14:15:47,-35.2,
20250505,14:15:47,-35.2,
20250505,14:15:47,-35.2,
20250505,14:15:48,-35,
20250505,14:15:48,-34.9,
20250505,14:15:48,-34.7,
20250505,14:15:49,-34.5,
20250505,14:15:49,-34.4,
20250505,14:15:49,-34.3,
20250505,14:15:49,-34.3,
20250505,14:15:50,-34.3,
20250505,14:15:50,-34.4,
20250505,14:15:50,-34.5,
20250505,14:15:51,-34.5,
20250505,14:15:51,-34.7,
20250505,14:15:51,-34.8,
20250505,14:15:51,-35,
20250505,14:15:52,-35,
20250505,14:15:52,-35.1,
20250505,14:15:52,-35.2,
20250505,14:15:52,-35.2,
20250505,14:15:53,-35.3,
20250505,14:15:53,-35.4,
20250505,14:15:53,-35.5,
20250505,14:15:54,-35.7,
20250505,14:15:54,-35.9,
20250505,14:15:54,-35.9,
20250505,14:15:54,-36,
20250505,14:15:55,-35.9,
20250505,14:15:55,-35.9,
20250505,14:15:55,-35.7,
20250505,14:15:55,-35.4,
20250505,14:15:56,-35.1,
20250505,14:15:56,-35,
20250505,14:15:56,-34.8,
20250505,14:15:57,-34.6,
20250505,14:15:57,-34.3,
20250505,14:15:57,-34.2,
20250505,14:15:57,-33.9,
20250505,14:15:58,-33.4,
20250505,14:15:58,-33.1,
20250505,14:15:58,-32.5,
20250505,14:15:59,-32,
20250505,14:15:59,-31.4,
20250505,14:15:59,-30.6,
20250505,14:15:59,-29.7,
20250505,14:16:00,-29,
20250505,14:16:00,-28.2,
20250505,14:16:00,-27.3,
20250505,14:16:00,-26.5,
20250505,14:16:01,-25.8,
20250505,14:16:01,-25.3,
20250505,14:16:01,-25.1,
20250505,14:16:02,-24.8,
20250505,14:16:02,-24.6,
20250505,14:16:02,-24,
20250505,14:16:02,-23.5,
20250505,14:16:03,-23.1,
20250505,14:16:03,-22.6,
20250505,14:16:03,-22.2,
20250505,14:16:04,-22,
20250505,14:16:04,-21.9,
20250505,14:16:04,-21.8,
20250505,14:16:04,-21.9,
20250505,14:16:05,-22,
20250505,14:16:05,-21.9,
20250505,14:16:05,-21.5,
20250505,14:16:05,-21.3,
20250505,14:16:06,-21,
20250505,14:16:06,-20.5,
20250505,14:16:06,-20.4,
20250505,14:16:07,-20.3,
20250505,14:16:07,-20.2,
20250505,14:16:07,-20.1,
20250505,14:16:07,-20,
20250505,14:16:08,-19.8,
20250505,14:16:08,-19.7,
20250505,14:16:08,-19.5,
20250505,14:16:09,-19.3,
20250505,14:16:09,-19.4,
20250505,14:16:09,-19.7,
20250505,14:16:09,-19.8,
20250505,14:16:10,-19.7,
20250505,14:16:10,-19.9,
20250505,14:16:10,-20.2,
20250505,14:16:10,-20.3,
20250505,14:16:11,-20.5,
20250505,14:16:11,-20.7,
20250505,14:16:11,-20.8,
20250505,14:16:12,-21,
20250505,14:16:12,-21.1,
20250505,14:16:12,-21.3,
20250505,14:16:12,-21.4,
20250505,14:16:13,-21.5,
20250505,14:16:13,-21.6,
20250505,14:16:13,-21.8,
20250505,14:16:13,-21.8,
20250505,14:16:14,-22,
20250505,14:16:14,-21.8,
20250505,14:16:14,-21.7,
20250505,14:16:15,-21.4,
20250505,14:16:15,-21.3,
20250505,14:16:15,-21.2,
20250505,14:16:15,-21.2,
20250505,14:16:16,-21.2,
20250505,14:16:16,-21.3,
20250505,14:16:16,-21.4,
20250505,14:16:17,-21.5,
20250505,14:16:17,-21.4,
20250505,14:16:17,-21.4,
20250505,14:16:17,-21.2,
20250505,14:16:18,-21.1,
20250505,14:16:18,-20.9,
20250505,14:16:18,-20.9,
20250505,14:16:18,-20.9,
20250505,14:16:19,-21,
20250505,14:16:19,-21,
20250505,14:16:19,-20.9,
20250505,14:16:20,-20.7,
20250505,14:16:20,-20.5,
20250505,14:16:20,-20.6,
20250505,14:16:20,-20.8,
20250505,14:16:21,-21,
20250505,14:16:21,-21.3,
20250505,14:16:21,-21.5,
20250505,14:16:22,-21.7,
20250505,14:16:22,-22,
20250505,14:16:22,-22.2,
20250505,14:16:22,-22.3,
20250505,14:16:23,-22.5,
20250505,14:16:23,-22.6,
20250505,14:16:23,-22.8,
20250505,14:16:23,-22.8,
20250505,14:16:24,-22.9,
20250505,14:16:24,-23.1,
20250505,14:16:24,-23,
20250505,14:16:25,-22.8,
20250505,14:16:25,-22.7,
20250505,14:16:25,-22.5,
20250505,14:16:25,-22.3,
20250505,14:16:26,-22.2,
20250505,14:16:26,-22,
20250505,14:16:26,-21.9,
20250505,14:16:27,-22,
20250505,14:16:27,-22,
20250505,14:16:27,-21.8,
20250505,14:16:27,-21.4,
20250505,14:16:28,-21.2,
20250505,14:16:28,-21,
20250505,14:16:28,-20.7,
20250505,14:16:28,-20.5,
20250505,14:16:29,-20.6,
20250505,14:16:29,-20.1,
20250505,14:16:29,-19.7,
20250505,14:16:30,-19.3,
20250505,14:16:30,-19,
20250505,14:16:30,-18.8,
20250505,14:16:30,-18.9,
20250505,14:16:31,-18.8,
20250505,14:16:31,-19,
20250505,14:16:31,-19.2,
20250505,14:16:31,-19.5,
20250505,14:16:32,-19.7,
20250505,14:16:32,-19.9,
20250505,14:16:32,-20.1,
20250505,14:16:33,-20.3,
20250505,14:16:33,-20.6,
20250505,14:16:33,-20.8,
20250505,14:16:33,-21.1,
20250505,14:16:34,-21.4,
20250505,14:16:34,-21.4,
20250505,14:16:34,-21.6,
20250505,14:16:35,-21.8,
20250505,14:16:35,-22.1,
20250505,14:16:35,-22.2,
20250505,14:16:35,-22.6,
20250505,14:16:36,-22.9,
20250505,14:16:36,-23.3,
20250505,14:16:36,-23.5,
20250505,14:16:36,-23.6,
20250505,14:16:37,-23.8,
20250505,14:16:37,-23.8,
20250505,14:16:37,-23.7,
20250505,14:16:38,-23.5,
20250505,14:16:38,-23.8,
20250505,14:16:38,-23.7,
20250505,14:16:38,-23.9,
20250505,14:16:39,-24.3,
20250505,14:16:39,-24.7,
20250505,14:16:39,-24.8,
20250505,14:16:40,-25.1,
20250505,14:16:40,-25.3,
20250505,14:16:40,-25.1,
20250505,14:16:40,-25.4,
20250505,14:16:41,-25.4,
20250505,14:16:41,-25.5,
20250505,14:16:41,-25.6,
20250505,14:16:41,-25.6,
20250505,14:16:42,-25.7,
20250505,14:16:42,-25.7,
20250505,14:16:42,-26.2,
20250505,14:16:43,-26.6,
20250505,14:16:43,-26.8,
20250505,14:16:43,-26.5,
20250505,14:16:43,-26.5,
20250505,14:16:44,-26,
20250505,14:16:44,-25.4,
20250505,14:16:44,-25,
20250505,14:16:45,-24.2,
20250505,14:16:45,-23.5,
20250505,14:16:45,-22.9,
20250505,14:16:45,-21.8,
20250505,14:16:46,-21.3,
20250505,14:16:46,-21,
20250505,14:16:46,-21.1,
20250505,14:16:46,-21.2,
20250505,14:16:47,-21.4,
20250505,14:16:47,-21.8,
20250505,14:16:47,-22.1,
20250505,14:16:48,-22.5,
20250505,14:16:48,-22.8,
20250505,14:16:48,-23.1,
20250505,14:16:48,-23.3,
20250505,14:16:49,-23.7,
20250505,14:16:49,-24.2,
20250505,14:16:49,-24.4,
20250505,14:16:49,-24.8,
20250505,14:16:50,-24.9,
20250505,14:16:50,-24.9,
20250505,14:16:50,-24.9,
20250505,14:16:51,-25,
20250505,14:16:51,-25.1,
20250505,14:16:51,-25.2,
20250505,14:16:51,-25.4,
20250505,14:16:52,-25.6,
20250505,14:16:52,-25.7,
20250505,14:16:52,-26.2,
20250505,14:16:53,-26.5,
20250505,14:16:53,-26.7,
20250505,14:16:53,-26.8,
20250505,14:16:53,-26.7,
20250505,14:16:54,-26.5,
20250505,14:16:54,-26.3,
20250505,14:16:54,-26.1,
20250505,14:16:54,-25.8,
20250505,14:16:55,-25.6,
20250505,14:16:55,-25.3,
20250505,14:16:55,-25.2,
20250505,14:16:56,-25,
20250505,14:16:56,-25,
20250505,14:16:56,-25.2,
20250505,14:16:56,-25.4,
20250505,14:16:57,-25.6,
20250505,14:16:57,-25.9,
20250505,14:16:57,-26.2,
20250505,14:16:58,-26.4,
20250505,14:16:58,-26.4,
20250505,14:16:58,-26.4,
20250505,14:16:58,-26.2,
20250505,14:16:59,-26.1,
20250505,14:16:59,-26.1,
20250505,14:16:59,-26.2,
20250505,14:16:59,-26.3,
20250505,14:17:00,-26.5,
20250505,14:17:00,-26.5,
20250505,14:17:00,-26.6,
20250505,14:17:01,-26.7,
20250505,14:17:01,-26.8,
20250505,14:17:01,-27.1,
20250505,14:17:01,-27.4,
20250505,14:17:02,-27.6,
20250505,14:17:02,-27.5,
20250505,14:17:02,-27,
20250505,14:17:03,-26.5,
20250505,14:17:03,-26.1,
20250505,14:17:03,-25.8,
20250505,14:17:03,-25.7,
20250505,14:17:04,-25.6,
20250505,14:17:04,-25.6,
20250505,14:17:04,-25.4,
20250505,14:17:04,-25.3,
20250505,14:17:05,-25.2,
20250505,14:17:05,-25.1,
20250505,14:17:05,-24.8,
20250505,14:17:06,-24.7,
20250505,14:17:06,-24.6,
20250505,14:17:06,-24.6,
20250505,14:17:06,-24.8,
20250505,14:17:07,-24.9,
20250505,14:17:07,-25,
20250505,14:17:07,-25.2,
20250505,14:17:07,-25.3,
20250505,14:17:08,-25.4,
20250505,14:17:08,-25.5,
20250505,14:17:08,-25.6,
20250505,14:17:09,-25.6,
20250505,14:17:09,-25.6,
20250505,14:17:09,-25.8,
20250505,14:17:09,-26,
20250505,14:17:10,-26.2,
20250505,14:17:10,-26.5,
20250505,14:17:10,-26.9,
20250505,14:17:11,-27.3,
20250505,14:17:11,-27.3,
20250505,14:17:11,-27,
20250505,14:17:11,-26.5,
20250505,14:17:12,-26,
20250505,14:17:12,-25.6,
20250505,14:17:12,-25.3,
20250505,14:17:12,-25.1,
20250505,14:17:13,-24.9,
20250505,14:17:13,-24.8,
20250505,14:17:13,-24.6,
20250505,14:17:14,-24.5,
20250505,14:17:14,-24.3,
20250505,14:17:14,-24.1,
20250505,14:17:14,-23.9,
20250505,14:17:15,-23.7,
20250505,14:17:15,-23.5,
20250505,14:17:15,-23.4,
20250505,14:17:16,-23.4,
20250505,14:17:16,-23.5,
20250505,14:17:16,-23.6,
20250505,14:17:16,-23.7,
20250505,14:17:17,-23.7,
20250505,14:17:17,-23.7,
20250505,14:17:17,-23.7,
20250505,14:17:17,-23.7,
20250505,14:17:18,-23.9,
20250505,14:17:18,-23.9,
20250505,14:17:18,-23.9,
20250505,14:17:19,-23.9,
20250505,14:17:19,-23.7,
20250505,14:17:19,-23.6,
20250505,14:17:19,-23.4,
20250505,14:17:20,-23.2,
20250505,14:17:20,-23.1,
20250505,14:17:20,-23.1,
20250505,14:17:21,-23.1,
20250505,14:17:21,-23.1,
20250505,14:17:21,-23.1,
20250505,14:17:21,-23.2,
20250505,14:17:22,-23.4,
20250505,14:17:22,-23.5,
20250505,14:17:22,-23.6,
20250505,14:17:22,-23.8,
20250505,14:17:23,-23.9,
20250505,14:17:23,-23.9,
20250505,14:17:23,-23.9,
20250505,14:17:24,-24,
20250505,14:17:24,-24.4,
20250505,14:17:24,-24.7,
20250505,14:17:24,-24.7,
20250505,14:17:25,-24.6,
20250505,14:17:25,-23.8,
20250505,14:17:25,-23.3,
20250505,14:17:25,-23.3,
20250505,14:17:26,-23.5,
20250505,14:17:26,-23.7,
20250505,14:17:26,-23.9,
20250505,14:17:27,-24.3,
20250505,14:17:27,-24.4,
20250505,14:17:27,-24.5,
20250505,14:17:27,-24.4,
20250505,14:17:28,-24.4,
20250505,14:17:28,-24.5,
20250505,14:17:28,-24.8,
20250505,14:17:29,-24.8,
20250505,14:17:29,-24.8,
20250505,14:17:29,-24.8,
20250505,14:17:29,-24.6,
20250505,14:17:30,-24.4,
20250505,14:17:30,-24,
20250505,14:17:30,-23.9,
20250505,14:17:30,-23.6,
20250505,14:17:31,-23.5,
20250505,14:17:31,-23.5,
20250505,14:17:31,-23.6,
20250505,14:17:32,-23.7,
20250505,14:17:32,-23.8,
20250505,14:17:32,-23.9,
20250505,14:17:32,-23.9,
20250505,14:17:33,-24.1,
20250505,14:17:33,-24.5,
20250505,14:17:33,-24.9,
20250505,14:17:34,-25.4,
20250505,14:17:34,-25.4,
20250505,14:17:34,-25.3,
20250505,14:17:34,-25,
20250505,14:17:35,-24.8,
20250505,14:17:35,-24.4,
20250505,14:17:35,-24.1,
20250505,14:17:35,-23.8,
20250505,14:17:36,-23.5,
20250505,14:17:36,-23.2,
20250505,14:17:36,-23.1,
20250505,14:17:37,-23,
20250505,14:17:37,-22.9,
20250505,14:17:37,-22.8,
20250505,14:17:37,-23,
20250505,14:17:38,-23,
20250505,14:17:38,-23.1,
20250505,14:17:38,-23.1,
20250505,14:17:39,-23.3,
20250505,14:17:39,-23.4,
20250505,14:17:39,-23.6,
20250505,14:17:39,-23.9,
20250505,14:17:40,-23.9,
20250505,14:17:40,-24,
20250505,14:17:40,-24.2,
20250505,14:17:40,-24.3,
20250505,14:17:41,-24.4,
20250505,14:17:41,-24.5,
20250505,14:17:41,-24.7,
20250505,14:17:42,-24.8,
20250505,14:17:42,-24.8,
20250505,14:17:42,-24.8,
20250505,14:17:42,-24.8,
20250505,14:17:43,-24.9,
20250505,14:17:43,-24.9,
20250505,14:17:43,-24.9,
20250505,14:17:43,-25,
20250505,14:17:44,-25,
20250505,14:17:44,-25.1,
20250505,14:17:44,-25.4,
20250505,14:17:45,-25.6,
20250505,14:17:45,-25.7,
20250505,14:17:45,-25.6,
20250505,14:17:45,-25.6,
20250505,14:17:46,-25.5,
20250505,14:17:46,-25.4,
20250505,14:17:46,-25.4,
20250505,14:17:47,-25.3,
20250505,14:17:47,-25.4,
20250505,14:17:47,-25.5,
20250505,14:17:47,-25.5,
20250505,14:17:48,-25.6,
20250505,14:17:48,-25.6,
20250505,14:17:48,-25.7,
20250505,14:17:48,-25.7,
20250505,14:17:49,-25.8,
20250505,14:17:49,-25.8,
20250505,14:17:49,-25.9,
20250505,14:17:50,-26,
20250505,14:17:50,-26.2,
20250505,14:17:50,-26.5,
20250505,14:17:50,-26.7,
20250505,14:17:51,-26.8,
20250505,14:17:51,-26.8,
20250505,14:17:51,-26.7,
20250505,14:17:52,-26.5,
20250505,14:17:52,-26.5,
20250505,14:17:52,-26.4,
20250505,14:17:52,-26.3,
20250505,14:17:53,-26.3,
20250505,14:17:53,-26.2,
20250505,14:17:53,-26.3,
20250505,14:17:53,-26.3,
20250505,14:17:54,-26.4,
20250505,14:17:54,-26.4,
20250505,14:17:54,-26.3,
20250505,14:17:55,-26.4,
20250505,14:17:55,-26.4,
20250505,14:17:55,-26.5,
20250505,14:17:55,-26.9,
20250505,14:17:56,-27.1,
20250505,14:17:56,-27.3,
20250505,14:17:56,-27.4,
20250505,14:17:57,-27.5,
20250505,14:17:57,-27.4,
20250505,14:17:57,-27.4,
20250505,14:17:57,-27.2,
20250505,14:17:58,-26.9,
20250505,14:17:58,-27,
20250505,14:17:58,-27.3,
20250505,14:17:58,-27.3,
20250505,14:17:59,-27.3,
20250505,14:17:59,-27.1,
20250505,14:17:59,-26.8,
20250505,14:18:00,-26.6,
20250505,14:18:00,-26.4,
20250505,14:18:00,-26,
20250505,14:18:00,-25.6,
20250505,14:18:01,-25.2,
20250505,14:18:01,-24.5,
20250505,14:18:01,-23.6,
20250505,14:18:01,-22.9,
20250505,14:18:02,-22.2,
20250505,14:18:02,-21.6,