Subject_ID,max,min,median,mean,var,rms,diff1_mean,diff2_mean,diff1_std,diff2_std,freq0,freq1,freq2,freq3,freq4,freq5,freq6,freq7
20250408-00999099,-22.5,-32.5,0.4685679123906513,0.4967610400987878,0.0261846241977855,0.5224520601527141,3.751949056113354e-05,6.521299371114864e-05,0.0324861968802348,0.0164863254374726,2.133001345731891,0.7448096360735427,1.693525119677936,0.2131584269511324,0.0576433119733342,0.026858009097256,0.0203038508220297,0.0101015730282669
20250408-01105283,20.0,-11.1,0.8323016675810362,0.6328891722382561,0.1292448325522465,0.7278691756687266,-0.00110733095312,7.0148501616274205e-06,0.0117222949727559,0.0050396581494492,16.565656050489174,0.3456886152430541,0.0447366257520943,0.0175779897056133,0.0146020704981075,0.0048614614138215,0.001509067991503,0.0006809401645061
20250408-03118448,3.7,-13.1,0.6055272997742568,0.55639700086056,0.0783504005189961,0.6228386814301294,-0.0004833499998999,2.1126159337493798e-06,0.0135416561569112,0.0066006191691341,16.807776130959148,0.057342282945133,0.0146492562877294,0.0174969090446231,0.0008803997627801,0.0040599880757986,0.0060109820725704,0.001801773417415
20250408-05822690,-39.6,-114.2,0.538213489654523,0.5008161047993989,0.0439885639353409,0.5429597911096028,-0.0013379085809397,6.740553647185287e-05,0.0251226431512162,0.0270834712123313,1.6322014165318195,1.371333741293447,0.1803165483830851,0.000146007855431,0.0032785726709799,0.0062603248977518,0.0011695368403411,0.0004515170857927
20250408-2400092931,15.2,8.5,0.4967060710696943,0.5002023478355059,0.0516611572584403,0.5494211008312229,-0.00047680500433,-0.0003767749557837,0.0434480102740934,0.0232577949517636,3.729962995166957,2.485415958667926,1.059653807618225,0.1888321827720125,0.1884237455370424,0.1013263944810033,0.0162768392875045,0.0240508943610545
20250408-2400278857,15.3,-8.7,0.4405928583916781,0.4367122831596133,0.0844082323555651,0.5245244042159025,-0.0017708322888255,-2.0940135385103928e-05,0.0084073004160958,0.0038959928405515,3.166259731389092,0.1690414603140449,0.0398993767167917,0.0108500712972699,0.0102442557144251,0.0018499233434125,0.0005647704447512,0.0005172725153581
20250408-2400338971,-4.3,-8.5,0.6223826212041144,0.6087720463225124,0.0363685620934718,0.6379435448981131,0.0002085371438563,2.538152596361397e-05,0.0386362477504791,0.0220498669617816,4.128965331755952,1.4750294290596904,0.6211446922395153,0.1011560950990032,0.2814240593038106,0.0840912716123043,0.032893566688995,0.0135621363800067
20250408-2400418077,6.6,-13.3,0.3368880053238852,0.3205191699115963,0.0341690378010689,0.3700021298342588,0.0002045600952621,6.487882274844264e-05,0.0258925785439397,0.0149528062279007,3.350805294029929,0.2585310654102749,0.1355629266199736,0.0077471022484467,0.045794993949115,0.0173687251911914,0.0068819173429742,0.0037704945173873
20250408-2400872042,-4.6,-9.2,0.572474167765741,0.5567729960190841,0.0263450228438129,0.5799493011806119,-0.0002128063110667,0.000247621620315,0.0291997599002165,0.0188292031642828,2.896798551981352,0.1855310150735186,0.5474655780112795,0.2118534588318223,0.0404995282328565,0.0580341894072065,0.0384592393084014,0.0256417836427484
20250408-2400874426,-3.8,-13.1,0.5202180177961091,0.4854901786259272,0.0335464426649535,0.5188903123080911,0.0007268207393014,0.0001593120580342,0.0254992557276872,0.0163735281967539,2.8179118463896065,0.4262876897494915,0.2259218107822477,0.1360819982251134,0.0840102270976603,0.0166080507852378,0.0121820498591378,0.0155616387358986
20250408-2400999174,-56.2,-62.3,0.3411489585770654,0.3811087110416106,0.0510611966367107,0.4430632531236467,-0.0006665795821816,-9.518127776175432e-05,0.0158266024595584,0.0084287286164748,4.840918310710565,0.240338743993973,0.0757670737009405,0.0485544392359914,0.021657139681506,0.0068637221569277,0.0038874578404084,0.0024801643761372
20250408-2500040990,-8.6,-21.2,0.3549623612460433,0.3809657251553565,0.0360579109702304,0.4256674696442953,-0.0007434474722452,0.0001345490623544,0.0442826220742515,0.0293136552774266,2.013205780006083,0.7925435743282199,0.3823582278383254,0.4841370985023849,0.2737927103809799,0.1623864026424165,0.0775128483632867,0.0419761030240497
20250408-2500134878,19.7,11.9,0.5332404157642274,0.5095022250273904,0.0584133615457473,0.5639200997070497,0.0013690095867989,0.0002157637287068,0.0325020732491083,0.0208266600223856,6.065795956253011,0.5122624420648417,0.0848041760980001,0.059307294018554,0.0482567405965774,0.0435889594688025,0.0187918702668813,0.0142799199783838
20250408-2500225128,5.6,-20.0,0.5333735409813827,0.5555409291933745,0.0512299510853765,0.5998797171887166,-0.0007508291938016,-9.322843685708598e-05,0.0168712663081218,0.0100368548733073,11.630321613333187,0.0718044868333866,0.0529791557300799,0.0605217161845802,0.0134686397375774,0.0072440983565848,0.0110906477068577,0.0070392139348005
20250409-2300773053,-61.0,-75.1,0.3512571299829035,0.4168889867123467,0.0473193393241842,0.4702294828764264,0.0005419205268137,1.0228204113969466e-05,0.0232009056568747,0.0111926358007922,6.316606392430337,0.5276285765561058,0.1943996813739355,0.1495116570233872,0.0337711779998964,0.02718602380116,0.0113538219948104,0.0067100529309195
20250409-2300849564,-9.4,-15.9,0.617144405694092,0.6128099967751898,0.0293352467973317,0.6362950093666773,0.0003734150335755,-5.204784133357554e-05,0.0500149836628109,0.0405194896339738,1.3641554460486185,0.4108865404398377,0.2721303866494523,0.2322582187139721,0.1795166182664274,0.0855835829499619,0.0399195158762679,0.0414837065956907
20250409-2400846060,9.2,-0.2,0.5590254763291751,0.5582870021052514,0.0431892213097059,0.5957126807693243,0.0001542319909369,-7.002663913882654e-05,0.0145004290929078,0.0066816895411344,2.1434884649417536,0.3116180577670865,0.056257024758218,0.0084712534313602,0.0030892810354496,0.0016840253000886,0.0010382216974365,0.0001995508649058
20250409-2400927189,4.6,-22.1,0.2994591747527118,0.3495975922785274,0.0559695421977838,0.4221232269429477,0.001183295127095,2.222307491066739e-05,0.0304244463570018,0.0148262036185893,7.38357081663504,2.322014121460184,0.4209446633138965,0.1587941420468007,0.1250660925669303,0.0444573736702498,0.0098636825019189,0.0052789466816984
20250409-2500149149,9.7,-9.3,0.6819856553353107,0.6291904116228194,0.0666059175590853,0.6800635938183855,-0.0010973268070279,7.456192899851762e-06,0.0185249318587344,0.0098339748231946,4.292223780433588,0.215691527963988,0.1281592092370915,0.0323922384088592,0.0156688073701396,0.0080643259478751,0.0029822563230688,0.0015861220864278
20250409-2500168470,-30.0,-52.3,0.2402070575359067,0.349676477052908,0.0762157270631191,0.4455214536554351,-0.0005370292920787,1.817907083584657e-05,0.0204849320036167,0.0079347056887506,12.8745755035199,0.4127200996382452,0.7735439702378781,0.1977517460833038,0.0324763330706878,0.0207899430449819,0.0051575550627551,0.0046163125232404
20250410-01899802,12.7,-18.6,0.2031990659930184,0.3210615984177643,0.0639823119970455,0.4087332406051841,0.0014776557962886,0.0001770281834102,0.0370991760680062,0.0249647759324679,3.8474963471485406,0.3076225286676011,0.0899506175266353,0.0917596276300342,0.0346128011871606,0.0156022291164521,0.0212485698735679,0.012618581153722
20250410-04588596,-11.1,-20.5,0.3119694682047568,0.3670994542507677,0.0560854625069688,0.4368609296082454,-0.0006178343282193,3.85895780145522e-05,0.0469069607095809,0.0272482113798734,2.41460940145194,0.7409065455602376,0.5426242623456091,0.5193294455908848,0.1132873463953564,0.0575452807755614,0.0589111959180391,0.0225008038834492
20250410-2100107120,-21.6,-30.9,0.3445738825179853,0.3750576085184895,0.0528004322661533,0.439850704186957,-0.0005487910616958,-1.6420557074023746e-05,0.0212700983664984,0.0123049626877225,5.668807888219292,0.3646354611235261,0.1311721979792822,0.0550701098461268,0.0311549925124596,0.0158281442586389,0.0037561556151923,0.0056604692351788
20250410-2201139314,1.4,-29.1,0.8009236034814271,0.7276983804083269,0.0530393290918005,0.7632720759602716,-0.001749581056902,5.699588859183121e-06,0.0126077268593926,0.0063352180258154,4.107621485456591,0.1672719774793439,0.0137755897233161,0.0054297564148774,0.0030023732211418,0.0014085876908894,0.0011223729760461,0.0003508824402146
20250410-2300348596,-113.2,-113.5,0.4185844159498086,0.5010522343292446,0.0417295693637243,0.541094179316367,-0.0017406213467067,-3.761307537527436e-05,0.1657772691650994,0.291296101356376,2.465316194398014,0.1204753807146417,0.1205213167345099,0.0862968150796027,0.1326586920774188,0.1686711522672533,0.065265270800008,0.0787359478827218
20250410-2300655738,4.2,-6.0,0.4778755709258835,0.4842859478491213,0.0741679012832091,0.5556084777676912,-2.461800263210556e-05,8.62895723132546e-07,0.0150139014056822,0.0057788777006214,9.269815731466108,0.4446851649888376,0.07235562405332,0.0187268581751309,0.0073797951999157,0.0046618915738744,0.0010967980596285,0.0005128302080852
20250410-2500152128,-15.2,-23.2,0.4667044251310427,0.4861003492159159,0.0358805016308334,0.5217030296429845,-0.0019402675120743,9.920698529336684e-06,0.0160810041483537,0.0076506885188535,1.3850410114155112,0.0439764423292066,0.0578197582882092,0.0847462387727256,0.0187251608715892,0.0067826153523711,0.0030489243640614,0.0027463598864516
20250410-2500194707,10.2,-3.6,0.5863687842447141,0.5492333055241634,0.0424888845326234,0.5866396751240257,-0.000739052667092,-0.0001591959704669,0.0277080233600875,0.0158401717285827,1.6720130307147545,0.7032280914276581,0.2208653036450058,0.0750722351982928,0.0195083120183211,0.0147876095161216,0.006108702885672,0.0105487450348209
20250414-01807227,17.1,8.8,0.3113104085820147,0.3489949270227028,0.029787826315866,0.3893395502687181,-0.0002829162471519,7.56410701680949e-05,0.0391830006121983,0.02566557035069,1.5851379713747564,0.661022354642239,0.341683311458347,0.3728860776227965,0.3196794138830854,0.1128306995652022,0.0392346776355722,0.0621483613358201
20250414-2300827987,0.0,-10.8,0.2752560919618713,0.3326254126567156,0.0513541090775078,0.4024845018414476,0.0005105073594542,-1.0217035453906267e-05,0.0251037703992939,0.0148679850361158,6.863367411214457,0.663990010767652,0.8447845548494133,0.2698689839558839,0.1177212999171329,0.033208801906964,0.0177773684664774,0.0105657474146902
20250414-24004794444,3.3,-32.5,0.5110921926147259,0.5333160304755957,0.0565389348687143,0.583922018107693,0.0004178194895168,2.428940274907724e-05,0.0213058432153346,0.0116602550333149,4.639152541214986,0.5912202073662328,0.240035842532988,0.1231081870973148,0.0555944543072295,0.0277202151746196,0.0219007043652962,0.0108753498982762
20250414-2400849699,2.5,-3.4,0.5267788780696065,0.5039819509423535,0.0293904151662107,0.5323422038894452,-1.012298623160351e-05,-2.891332762795593e-05,0.0203133194776706,0.0196849540173356,8.374177619429975,0.0954045197413912,0.0120329430564911,0.0178637746774818,0.0086024103279833,0.0014205099671064,0.0016177147675694,0.0003536619671609
20250414-2400868326,0.5,-2.8,0.4733139006263418,0.4806443155620097,0.0371831706141543,0.5178823502459098,0.0013311328216555,-0.0001587449790475,0.0261148021997505,0.0202530346184,6.040917329837282,0.3160769079417492,0.1719996041569258,0.0815139343484014,0.0634909299245498,0.0398114312349649,0.013006065636116,0.0088870652263729
20250414-2400930500,-20.5,-41.0,0.32114982595981,0.382837335331985,0.0554246187873188,0.4494319126535338,0.0006639353925721,-1.4209181692894354e-06,0.0193385202770709,0.0095408860826083,4.905982333061905,0.8904032913781419,0.1853369257596599,0.069219111441152,0.0388870797341405,0.0110539157589728,0.0034738509370094,0.0013057909016004
20250414-2500000520,21.5,2.3,0.4436957576073831,0.5089423833295593,0.0713590373572799,0.574788123491128,0.0005285937515617,-0.0001539633040429,0.0164935830165905,0.0136207666683644,6.976110714618508,0.132790551149113,0.0772815698128255,0.0292274563564263,0.0102823285625175,0.0129131683753639,0.0087920539086138,0.00610516262669
20250414-2500016156,-8.3,-26.3,0.51768657718738,0.4866675079062729,0.07599114949088,0.5593178101424825,0.0005950081631623,-2.720479216211217e-05,0.0208986002904269,0.0089253728808302,10.634517622740823,0.5677342780095092,0.2538037771357763,0.0377427820618466,0.0244456178741807,0.0054836147116351,0.0017652926643297,0.0019949099622411
20250414-2500056995,-1.0,-10.4,0.4436303876070304,0.4730810109640847,0.0391704460039867,0.512811943053969,-0.0004928746882204,-0.0002619340687787,0.040027151009488,0.0263200614293787,1.967704392993236,0.490466541654483,0.6774290652508781,0.1397446312944435,0.0921060424155871,0.049002684309811,0.0191810063796641,0.0319841850400812
20250414-2500077030,-5.1,-28.9,0.23623986254433,0.3911353978911649,0.1134992378471685,0.5162229531226294,-0.0017363600985382,5.693108558700459e-05,0.0116408928353135,0.0062290728065681,11.22499314944261,0.0485201736370187,0.0082544206503751,0.0047977648284114,0.0010709992534304,0.0014952038849562,0.0013282291152389,0.0002626578209416
20250414-2500234231,4.8,-30.3,0.4098139948570543,0.4196799974105504,0.060584678652214,0.4865346635942125,0.0016891572500231,3.408271613843189e-05,0.0240882457920037,0.010337641100011,4.802695322107253,0.9291724079809528,0.2453522588376493,0.0922506276275964,0.0519681902067175,0.0156451299465504,0.0069228697437913,0.0025526243389302
20250414-2500247012,-19.5,-27.8,0.3099455683505488,0.3222866586135381,0.038921284464315,0.3778756075543833,-0.0007025966123952,-7.422205412524736e-06,0.0222233573170471,0.0107094692512649,3.9379989113211273,0.2945742811399386,0.1705228399416162,0.0512337456531032,0.0212023156141588,0.0045264877688256,0.0023632112531006,0.0009216230098865
20250415-01371111,12.7,0.8,0.4100434412651375,0.4467148097756852,0.0525412011793475,0.5020909503787876,-0.0007427722091558,-1.2889458325726683e-05,0.0175522721319428,0.0065934934562004,4.839673897725292,0.6648499759419514,0.1871349857807981,0.0575096066463297,0.0104607389422923,0.0039230806932974,0.0014957718502314,0.0017478013056395
20250415-2100006416,-2.0,-13.4,0.4462679060744225,0.4531562015607527,0.0410343479174847,0.4963717265623156,-0.000883530277812,6.346765815081828e-05,0.02764387180493,0.017615150109511,0.7155253172744105,0.3360369704178866,0.1804006233704864,0.0915010627780906,0.0454735353874094,0.0172939375354079,0.0081260595245069,0.0068753984920258
20250415-2500150490,-4.7,-24.0,0.5627099535736232,0.5124032954604184,0.0779303413042123,0.5835130491282172,-0.0001603505581907,-3.138739756543793e-05,0.0195914549689969,0.0100200983060753,11.995985816478315,0.1146685748958544,0.0236140637990177,0.007218027812904,0.0024748131079935,0.0018734823229335,0.0007483215865505,0.0007303668826836
20250415-2500239623,-31.5,-37.3,0.5464862219421746,0.5376773328275773,0.0817171528078479,0.608945044354928,0.0014381064886478,2.563408653216835e-05,0.0127812998650107,0.0064952769102453,5.74716744189303,0.2868678546264863,0.0602331016455719,0.0378127241408905,0.0117055326021229,0.0052992660220337,0.0014799690332987,0.0008514242163219
20250415-2500252946,-10.2,-22.4,0.4526660743305133,0.3888253397398662,0.0441092452186031,0.4419212486885255,0.0007313245339107,-3.189058880711236e-05,0.0175021967279995,0.0091938027484567,6.306396345562148,0.5713337065838984,0.1012613512265915,0.0727554348103713,0.0377126477673614,0.0291510974340595,0.0063243393801999,0.0031231367466021
20250416-2101077830,14.5,-0.9,0.3278809235915944,0.3384992134694616,0.0380299269198783,0.3906554036991201,0.0001344677714735,-0.0003068051303329,0.0399293547136119,0.0224696151128685,1.8523028192351807,0.8370841003104399,0.8425303895502559,0.1871179897336779,0.1485342701195059,0.0478150768166059,0.0320599402003727,0.0046758225973727
20250416-2300887736,-14.5,-44.1,0.7402447493604858,0.6709366904965367,0.0711699924225039,0.7220291095772728,-0.0007245885883933,1.4101084713288645e-05,0.0087414664332144,0.0034904075251089,5.8064451195816,0.0396721537094996,0.0050949429451134,0.001088477330582,0.0004190937487653,0.0001427890165109,0.0001045598495456,0.0001235069320224
20250416-2400637209,-13.7,-21.7,0.4257909333426327,0.459965404048741,0.0380193220992313,0.4995873247200663,0.0013141762224604,0.0003475532880498,0.0602983607305328,0.0462935002369372,1.3416371790879262,0.7257907209098241,0.7468732626560873,0.5777461261660253,0.1998910661537208,0.1510391675672913,0.1727213370711041,0.0648891659117218
20250416-2400649512,9.2,-9.4,0.2917935051256942,0.3376891262325083,0.0499641138005354,0.4049667390986701,8.460413071297852e-05,6.789500940053289e-06,0.0204636396091002,0.0106929603766298,4.773596848607367,0.2113490078176622,0.0248796494823638,0.0157244308268698,0.0113015748958989,0.0094186674487204,0.0039921103668463,0.0026484643353504
20250416-2400863059,19.6,11.5,0.3791910004421445,0.4638263369703884,0.0647479202576829,0.5290394986435807,-0.0015731282695568,-3.281436647804578e-05,0.0080272263006984,0.0044802684026054,2.9352679756220765,0.0237601272863409,0.0131149390472301,0.0063062007010987,0.0037223695582443,0.0008002562213821,0.0015732288021252,0.0009128576737137
20250416-2400913925,10.5,0.4,0.4288756080531282,0.4665446244359494,0.0549331383131133,0.5221082501772926,0.000115251709126,2.496042012777487e-06,0.0258195259961364,0.0166290074470228,6.711140831244475,0.210171678708248,0.1161054075385726,0.0728770707407129,0.0264580220621915,0.0308349141053522,0.011056374383835,0.0062391044156998
20250416-2400938634,-7.7,-17.4,0.6176626132200724,0.6315762366154802,0.0347260411536458,0.6584941790259189,-0.0016418471841252,-1.669308971358101e-05,0.0398039808257495,0.0274794869654587,1.1488811326313475,0.910037849181082,0.4712888270042792,0.1630639910853845,0.1673305790855698,0.0782377648975777,0.0712141247246573,0.0641743784930815
20250416-2500037037,-21.4,-29.0,0.4291058156752799,0.44478030179005,0.0349428464250556,0.482464882955748,0.0003775900172855,-1.6126732307248566e-06,0.0282959499924585,0.0241502589031866,6.377251947896507,0.2761842908524745,0.3075663149618874,0.2130682956162287,0.0410995684823649,0.013833259871642,0.0221929263666978,0.0176921122959446
20250416-2500141305,-12.0,-16.6,0.6188812491399625,0.5692794765792382,0.0630534421840996,0.6221997787193684,-0.0008704020516116,-3.2063370791420186e-05,0.0244100335253155,0.0144715143656141,5.079482466066805,0.4378410645953498,0.1719689923199894,0.0965473276758967,0.0301877848529127,0.0641738842126341,0.0113890610195409,0.0238947934953247
20250416-2500237509,-10.2,-31.5,0.5432148368332999,0.4982053042472572,0.0443925998690993,0.5409261733815452,-0.0008499202508855,5.65315326132404e-05,0.0281623128365354,0.0152147551588984,3.046564664351915,0.4981169252398548,0.30677635846886,0.1749605564184376,0.0435684699462524,0.0213922504307263,0.0098447350068741,0.0106206036656675
20250417-03505518,11.6,1.6,0.5253681883823972,0.4961186886469411,0.0768087340866712,0.5682802893919793,0.0005583901510131,2.9813038479484264e-06,0.0117440570617986,0.0045128446014693,5.985042591329481,0.0642891338194139,0.0201505682318779,0.0103519548569179,0.0028196898933707,0.0010165887249508,0.0003765201753548,0.0003625763103028
20250417-2400134292,21.8,-15.0,0.2030372000485393,0.2774635451827123,0.0490929605622981,0.3550760192798962,0.0004864251007725,-1.3235122077500237e-05,0.0182991192160235,0.0096590567376409,4.404085490195225,0.1285963239654194,0.0291793652969531,0.0344667821035338,0.0056047726004151,0.0082863669351001,0.0024401876013356,0.0040542565784997
20250417-2400377525,-9.1,-18.3,0.6573261068310099,0.6183155354093959,0.0468714262411864,0.6551225286690989,-0.0001117280095773,0.0001443643982318,0.018633917937323,0.0105117531380317,5.285534914094446,0.1299129612813499,0.0440902661348901,0.0211707958771196,0.0280519496082205,0.0111643429685565,0.003082319466703,0.0016195132626754
20250417-2500193947,-14.3,-30.6,0.3008851046440337,0.3669886335475809,0.0488573440072597,0.4284133531536807,-0.0020848274320129,-2.2780924857990186e-07,0.0174632634478643,0.0093412734492042,1.2013846801910972,0.0554905891337382,0.0414537428392746,0.0227857827037649,0.0146855681868427,0.0083364980137581,0.00627364229738,0.0051898152488766
20250418-2500114827,-39.9,-72.3,0.7230620869919919,0.592918178271002,0.0891325164338067,0.6638407057103461,-0.0005292513930346,6.008925106113405e-06,0.0068204905615885,0.0023793240120268,22.345330667930494,0.129389506714183,0.0198583032095435,0.0153748456468824,0.0035288643751243,0.0006252898798553,0.0006853212995027,0.0004375385354969
20250421-2100845892,-6.1,-11.4,0.4577723499886114,0.4695098807595587,0.0805223838740269,0.5485999562567263,-0.0005265554355465,6.4481727111883e-06,0.0214167534547747,0.0136990809548622,4.888655271957771,0.1891496104630423,0.0813931484090405,0.0386768364368763,0.0175503022659904,0.0097941849980672,0.0071841690305086,0.0050305289633846
20250421-2100901425,-12.0,-26.6,0.3367691996018905,0.3810604132668762,0.0389597952069609,0.4291466343408549,0.0018477838681326,0.0001547975873412,0.0249014645199065,0.0133740756099343,2.097896866661727,0.4071374923254712,0.1513323508773503,0.047768555361815,0.0426759578589045,0.0319948479119981,0.0077977485715032,0.0065331863770918
20250421-2500042598,-6.7,-22.1,0.239289332546671,0.3142854929441475,0.0544162231452945,0.3913969777865439,0.0005709388697324,-0.0002617020947024,0.0262212547203007,0.0130306263688244,3.937910935548076,0.7354763216039368,0.3351200980463318,0.0757488213885276,0.0261520182199103,0.0168430788216331,0.0066285658901508,0.0062505861941427
20250421-2500086100,-15.7,-33.2,0.640035740965669,0.6207485977254156,0.045303651967869,0.6562259317841218,-0.0016296753328027,-6.756056729188359e-06,0.0199942630301189,0.0111045437854143,2.289509335880038,0.1766161769477109,0.0249779063431438,0.0272594499006666,0.0050936961579406,0.0011622861256645,0.001172990290607,0.0007457093484872
20250421-2500120775,13.9,-3.1,0.3972465539295859,0.4038261275693232,0.0574274983562134,0.4695775118804655,-0.0001732619772902,1.91707246858629e-05,0.0135440194445952,0.0060929598717792,9.558600376096214,0.1555224562580782,0.0290522497747979,0.0074536623178344,0.0049487889049111,0.0020067382936804,0.0005544938870233,0.0005271581893622
20250422-01117526,-15.2,-37.6,0.2684168388073494,0.3525849430285291,0.0739216928678759,0.445239076135852,0.0017082926151137,9.206118576990734e-05,0.0115112184203383,0.007114526067849,1.964286659299594,0.0098431361348653,0.0050872745905008,0.0053808998065653,0.0075791551474929,0.0033921818041232,0.0011538771088743,0.0013891710549656
20250422-2100901154,-14.2,-34.3,0.2108249693875599,0.3502645865506544,0.065210425443706,0.4334693830424553,0.0015632189580056,3.087827536607699e-05,0.0100934535434382,0.0056021149362053,4.196007145519208,0.0486392260912527,0.0197090060668321,0.0050075287919602,0.0011962186199506,0.0009535957315442,0.0011159219450995,0.000462470518165
20250422-2400408931,-4.1,-25.1,0.4608775126768722,0.4591810325517937,0.0614955334156482,0.5218646894272305,0.0005098805019564,1.7502895314291996e-05,0.0147930424558552,0.0069495731009025,10.848906461976542,0.407272638590661,0.0834106354268805,0.0572436003042777,0.0255433173377685,0.0048178280364382,0.0024741887994762,0.0012608261392543
20250422-2400679520,-14.8,-31.1,0.4365538951298837,0.4860672338104275,0.0674369578767266,0.5510882993321918,0.0019514655651355,-2.7041181306240888e-06,0.0044757705206019,0.0008905544149982,3.30977529752034,0.0413703578414726,0.001146699792552,0.0005551459102076,0.0001901392960351,3.2861260239375936e-05,1.751759741738988e-05,1.3201174040720017e-05
20250422-2500030471,-2.8,-8.7,0.3491658589322984,0.4022507917696159,0.05805033128591,0.4688880791459652,0.0001514233591447,1.2782015900708278e-06,0.0288722680423425,0.0152247751524063,5.371832175214645,0.6672760949676768,0.3710103751340714,0.2891552843063684,0.0600800839934784,0.0244865352578772,0.0168200057144255,0.0124419963185884
20250422-2500280453,-17.8,-42.5,0.3130743672173016,0.3966073928895778,0.0684005055010025,0.4750767617929449,-0.0011200307390276,-3.18508273400374e-05,0.0155716149901939,0.006812097137698,4.243341198033101,0.2877683947836294,0.078277322471681,0.0622233947223368,0.010632792068187,0.0101348159539399,0.0030793979782741,0.0016615116312681
20250423-2100868942,6.3,-5.0,0.4903586932789393,0.5115662264789899,0.0478732953088955,0.5563931158657957,0.0006780990393629,1.6903537678666185e-05,0.0132070817821461,0.0080600695750525,2.5773693905597423,0.0604350252846591,0.0246087517250187,0.0105001117918303,0.0076663238948065,0.0076732168622614,0.005840069017956,0.0035551544453378
20250423-2300263813,19.0,-17.7,0.650115922953825,0.4943711412844405,0.109502830423667,0.5948997022679934,0.0010948543247847,7.506082386360529e-06,0.0134710188098622,0.006052609768527,13.838956479749086,0.2853960641450675,0.2400023065049578,0.0143568639870259,0.0101815469952274,0.0058777576516394,0.0014137416528179,0.0007506150818136
20250423-2300501066,16.3,-3.2,0.3244718752495354,0.3344075905276358,0.0344273544713008,0.3824340349312542,-0.0002651847289699,-0.0001008327000252,0.0350714002701786,0.0140344842881569,1.5941757962700824,0.8070308319730308,0.9951270161756612,0.0067580174867006,0.0684874973459632,0.0040573194410957,0.0022974816153493,0.0015459021227681
20250423-2500055981,-6.8,-26.5,0.3411004265705972,0.3457308193298219,0.0415702778063655,0.4013727410286298,-0.0005343905517932,-1.6712748339401285e-05,0.0359075997071122,0.02211797046478,4.352710003307277,1.4491719579930014,0.4096615426624528,0.2110619600519106,0.2073766405819652,0.0335955778592481,0.0299895097841698,0.0251014771196913
20250424-2500196037,-13.2,-27.1,0.3715157814447441,0.4387383705211592,0.0603833306659115,0.502866471773048,0.001054016016053,6.647636100197569e-05,0.021007478073095,0.0130380507261223,4.623057933948671,0.1360286578758966,0.0766738199141802,0.0816662525723507,0.0408184538421458,0.0248579875444325,0.0062692468471001,0.004365406954775
20250425-03124625,12.6,8.0,0.5845997307826367,0.5527645924872531,0.0531872471214748,0.5989456918862291,-0.0013516586753411,-4.994399731036655e-05,0.0178481227135237,0.0098401037943975,2.930438305244482,0.5621396947464089,0.0642246321266055,0.0406368755482459,0.0137691558825018,0.0226021136635165,0.0133748613924818,0.0085531316664654
20250425-2300716338,-15.1,-23.9,0.5538916770643608,0.5515931006047593,0.0588648347963314,0.6025942112492482,-0.0016230792977239,-4.367308156545282e-05,0.0388748099124548,0.0281599038868842,5.990515696947942,0.2584934698115991,0.0709158391224845,0.1135566502396063,0.1281192476812811,0.0355968845389256,0.0418170916479668,0.023212974174407
20250425-2500246923,0.4,-14.2,0.4996681284255563,0.4895580976652866,0.0376183143778275,0.526579002019148,-0.0016174578627198,-3.4632020367467265e-05,0.0220074375916801,0.012179418794754,2.9979093557946803,0.3025178550658663,0.0725378755403847,0.079835503647686,0.0290047184926728,0.0273411679197949,0.0084045169407567,0.0045346844724566
20250425-2500259197,-1.7,-5.4,0.4650197885646635,0.4826898704792516,0.0504708339913125,0.5324099407924211,0.0001520656613199,-9.27359013728465e-05,0.0315044284896966,0.0207454651511341,5.714876744304943,0.5373280103493544,0.4508307651798316,0.1125586028058119,0.0875101759800067,0.0195953759647907,0.0089393300904325,0.0047758110179223
20250428 -01829122,-10.4,-34.8,0.2944575831915523,0.3528449098104209,0.0618187439704956,0.4316460058307267,-0.0009110424351692,-9.17653732599254e-06,0.0225879228553306,0.0085412609217628,5.656650825474138,0.0754731125831712,0.0830014370746209,0.0429714515490546,0.0051067604576622,0.0030555494225702,0.0015170540406186,0.000606141741292
20250428-03067882,17.2,-2.7,0.6090746881258355,0.604156592190285,0.0633706495128259,0.6545042684351298,-3.749591138541586e-05,0.0001326952517106,0.0208051741415151,0.0077977288875021,5.70395528598178,0.5443090965574686,0.1615657941850871,0.0291195387360343,0.0069057729861804,0.0031102350059027,0.0022346585740053,0.002747088463724
20250428-2300738741,4.2,0.7,0.4124446478645016,0.4089604640223618,0.0433588307702643,0.4589199188351382,0.0017364471536967,0.0006095192366775,0.0461601235609892,0.0344864979254867,2.7985036658505478,0.8841519436945953,0.2124725337160325,0.2190112267266063,0.2174373505054319,0.091375067695314,0.0883378085823898,0.043625942416762
20250428-2300775143,-5.0,-9.1,0.4990458330075621,0.4929079059213914,0.0666155906182217,0.5563935606547158,0.0004423679143374,-0.0001345441811538,0.0308037957635456,0.0202371003243995,12.103953727087177,0.5088557419929272,0.2360715053503077,0.0753916091476452,0.0594375698480108,0.0440107805807331,0.0355087829614928,0.0128568744877498
20250428-2300913164,-14.4,-30.5,0.3722977586151905,0.3815245887852171,0.0444227898527458,0.4358713132341641,0.0011831130657145,0.0001618722685044,0.0283807348244452,0.0123689441238406,6.342726503414951,1.3992562261355646,0.068018555347227,0.0365281185167259,0.029514548871817,0.0108413378148082,0.0049385594317564,0.005147005567231
20250428-2400263291,-7.9,-27.1,0.629688611916387,0.6126458761428866,0.115564226191205,0.700641988283667,-0.0019230769230769,7.120356080784062e-06,0.008824934989013,0.0048156713094745,6.12392626439376,0.0793763370257394,0.0644097950057668,0.0162113713627679,0.0034741802987826,0.00264048756866,0.0020009164853677,0.0011578015023831
20250428-2400583010,11.9,-3.6,0.5609859028687689,0.5596009409209725,0.0388021489729571,0.5932582591524495,0.0019120458891013,4.778981672762881e-06,0.0062215293058338,0.0028698487326553,3.047258938042996,0.063807637989211,0.0094641461989044,0.0060392280517247,0.0024126853280447,0.0006929511525298,0.000151712453391,0.0001023559444623
20250428-2500154981,-30.9,-40.3,0.3851102373835983,0.4388060783887504,0.0548671947476977,0.4974112676433978,0.0009250393071577,8.877280499336244e-05,0.0245797122456598,0.0139967525354222,3.221940424594513,0.2099144801984558,0.0561700657523946,0.0705996420822952,0.0379157171579713,0.0170915479221112,0.0027736134271562,0.0105941628030962
20250428-2500265806,5.0,-19.4,0.3750340610390075,0.3766692201213237,0.0368682567168688,0.4227859483280813,0.0007179246738078,2.028646362922376e-05,0.0259036137828993,0.0143227702307558,1.2757830249379714,0.3870135522271464,0.1369201769986497,0.1360259996111979,0.0569257214087848,0.0232278977531301,0.0107046577955166,0.0149138848388119
20250428-2500283864,-15.6,-23.1,0.3932440900851868,0.4369500337827017,0.0510265829776008,0.4918860792910335,0.0005340590462739,-0.0001971418242863,0.0384378305119249,0.0274565308320594,4.176353104729056,0.6259953966613641,0.308905923562186,0.1251626558856378,0.0935592016547487,0.0862415536313464,0.0487898091785258,0.0369828175325846
20250429-03281474,-6.5,-23.8,0.3794579160861578,0.4164925642155797,0.0543589531707219,0.4773101813470888,0.000253522279208,-1.1107282355137693e-05,0.0247421337090758,0.0099753728363168,7.292226134870378,0.9019113317325672,0.3624437298873939,0.0837482422211733,0.0422128805858866,0.0080822580831345,0.0050487659057659,0.0012084519006527
20250429-04340869,-35.1,-52.4,0.3761451849645026,0.4084990035534708,0.0631750420206915,0.4796316064698719,-0.0018689717480887,-3.472777617769605e-06,0.0158284517124146,0.0057509225662671,4.726904730860385,0.3448842892978842,0.0716920861507321,0.0187399520316484,0.0063925139631084,0.0033097750153456,0.0013982564335079,0.0010421440065953
20250429-2201585207,21.1,11.4,0.5203219900667901,0.4964401616634188,0.048354968210088,0.5429620634284585,3.876202760075636e-05,-1.3192609256953797e-07,0.0081153185143407,0.0015304492120767,4.072089318651366,0.7338409626889766,0.838800382173584,0.3641097256791025,0.337676205145786,0.1489791485492078,0.0918792553723324,0.060124357657996
20250429-2400983478,4.4,-18.6,0.3519828019238892,0.379055431864305,0.062884598276076,0.4544971052734119,-0.0001137330964806,-1.328036882721093e-06,0.0028046284674054,0.0003491411746387,4.70454103021806,0.077573217486118,0.0599183590621402,0.0110627165919623,0.0094497853986127,0.0041175877604249,0.0008497369188216,0.0020699885220282
20250429-2400984748,6.2,-2.9,0.4586398552642289,0.4694406269175321,0.0258884773919146,0.4962489089082616,0.0008905708052713,-2.3011288437507477e-05,0.0366122032401681,0.0263526599296205,1.4079376906815635,0.148625959685106,0.0678071291162589,0.0710075179735754,0.024264471812029,0.0067363790952442,0.0011437444694017,0.0011968480769527
20250429-2500304038,-11.7,-18.9,0.5887573479399739,0.5908200193511476,0.0364755341811922,0.6209217579109969,-0.000139041723662,-6.167263439963882e-05,0.0438989345365415,0.0296810000780927,3.40579697352736,1.8930708300200567,0.3443624739823861,0.2095692042696127,0.3175112758454416,0.0646033293088075,0.0445868576404065,0.0614111218314165
20250430-2201081685,-8.1,-21.6,0.4286804395658035,0.4575450999749946,0.0414093031215861,0.5007562497190764,0.0002378536807831,0.0006678889340459,0.0483849293805036,0.0412395718768498,2.890788670595612,0.4843824947787213,0.1957304144461265,0.3457864219336646,0.1487707480223587,0.063508047796567,0.0509084256148135,0.0385116775161723
20250430-2500039050,0.0,-23.2,0.2612240116336086,0.3150453894688289,0.0591394915100092,0.397986292396579,0.0011342978204016,6.243796605888244e-05,0.0290243517293873,0.0174941585571496,3.759718323264057,0.3910828028180124,0.5268348835772377,0.244092728033435,0.1555378844587202,0.0643611240625517,0.0346763869772873,0.0090492855590232
20250430-2500201512,-5.4,-17.9,0.8633375429204918,0.7490611488425246,0.0643446174623269,0.7908458902767402,0.0001914416217611,-7.580485506458219e-07,0.0099313862598303,0.0029245646095854,12.094827951372457,0.0511663196588946,0.002825290630417,0.002605885416803,0.0020815911337354,0.0007293803559585,0.0002735693526579,0.0003150242826515
20250430-2500290195,11.6,-4.1,0.4653630181705865,0.4633875466918732,0.0463764150691379,0.5109837898585932,0.0002395003424201,0.000254986581651,0.033563966485576,0.0167555104166388,6.491149643010096,0.7199617643847454,0.4129297589707768,0.3258885438907974,0.0847649676829663,0.0376766043331412,0.0060198820992312,0.0045323071244957
20250430-2500296467,-25.7,-43.6,0.2671148449940798,0.282460744349682,0.04000284122292,0.3461024607273061,-0.0014555555311625,-9.786282050890052e-06,0.0176505740529769,0.0088795936595702,4.486736349186749,0.4104292244471293,0.1410908634256995,0.0158045217843408,0.0065390413291304,0.0059198128887937,0.0028801181156163,0.0015275677404691
20250505-02707051,5.8,-8.8,0.3608614996004221,0.3756962669734439,0.0327598819922109,0.4170222620076681,0.0006798110124454,2.8791741482634314e-05,0.0239235425332863,0.0123757623198703,1.2673519924729828,0.7504536929097031,0.1408595447340421,0.0523974810070273,0.022112838441792,0.0115146806875718,0.0066101032639505,0.0030278901205043
20250505-06034356,4.9,-21.7,0.2691842936498618,0.3017342248166816,0.0533102675365442,0.3799392187735665,0.0010520106054214,-2.0565177881904004e-05,0.0154812417232784,0.0062532532829583,2.907165156384565,0.3169949383035273,0.0736821576216141,0.0131250382762839,0.0078254975869035,0.0031159484421594,0.0008703847384859,0.0006282911955226
20250505-2200405638,-54.0,-70.5,0.3671609738847669,0.3983517705149524,0.057689353184247,0.4651596352400371,-0.0009070792873503,-2.2087141778827645e-05,0.0137942235511236,0.0068506310464388,7.786471089999352,0.2299244317664789,0.082716454492852,0.0231846147707998,0.0117426779178818,0.0042514181303841,0.0012452756460632,0.0025595010898945
20250505-2201547340,-26.8,-43.0,0.4678237153134788,0.5111369163528792,0.0870213822269548,0.5901544962852397,0.0008702725856096,-5.114637931657002e-05,0.0143448915103155,0.0045889961787945,13.388975785510478,0.5601852294222764,0.0306557539830877,0.0179905623065744,0.0069246560159541,0.0021792264116805,0.0006875341656956,0.0006665511930923
20250505-2500002211,2.6,-35.4,0.6823788685727048,0.6118191038861356,0.0709741133906325,0.667305574134269,0.0004532483023809,6.172606992446887e-05,0.0151767421772378,0.0062511160528137,15.22031786852708,0.3720385893756887,0.1048114817224836,0.0368480491140481,0.0137014904110829,0.0064366473073445,0.0029124093674289,0.0016668785357045
20250505-2500203181,11.3,-24.2,0.2732421127930716,0.3071857274223479,0.0403822861964711,0.3670767730713401,0.0010156582689426,2.0654706035914685e-05,0.0170989355488077,0.0102973951602724,2.935913735241197,0.227297819839603,0.0728542519329924,0.0031364720831882,0.0134049452023895,0.0196496575221814,0.0087285929117716,0.0063962377617669
20250505-2500295908,-7.7,-27.2,0.4546348916347945,0.4821208003331728,0.0282490638521476,0.5105776434256075,-0.000992566976593,-6.84471981165734e-05,0.0230772920720945,0.0126549545240309,1.4147089808166715,0.3431649577747485,0.102282009185274,0.0305832793790487,0.0200362306841024,0.0153214780327079,0.0060571077268389,0.009748851859441
20250506-05807697,8.5,-0.3,0.5573605108416337,0.5571930667870674,0.0450656022901321,0.5962631264514933,-0.0004303883035581,-0.000201015082761,0.0223232684886425,0.0140274322176309,3.73217281752352,0.4621908701770898,0.13013127554697,0.0853745509201658,0.0822910349516484,0.0278192303887258,0.0367408303849381,0.0223044703873896
20250506-2400094071,-35.7,-60.9,0.7978695774719364,0.7331009059643657,0.0518029589968155,0.7676196306261255,-0.0005716216054336,-9.631377458005691e-06,0.0085524747060731,0.0029860874269434,3.248363607175542,0.0149007167150443,0.0084126285558083,0.0016412804544188,0.0003812940722111,0.0001734693593168,6.0855386243816986e-05,2.9271846961765826e-05
20250507-2400086734,35.9,23.5,0.4490764071657593,0.4376526356078204,0.0298228844528894,0.4704919913317984,-0.0001396666590249,8.665774323986057e-06,0.0234165070861721,0.0121150096345838,1.7651458866508671,1.3567200606473366,0.1581550408888632,0.2462559086907834,0.0586236644419698,0.0278899987528527,0.0288775313376269,0.0042730378115182
20250507-2400847143,22.2,8.3,0.3671062482977213,0.4397215259230466,0.0374932714045657,0.4804667436614716,0.0002052645660202,1.4941608589273356e-06,0.0139090293306145,0.0066321197065981,7.881467869450294,0.607403406372937,0.1934695092095598,0.0175985921277258,0.0276222443962747,0.0084968067771072,0.0032107355583223,0.0016816194747492
20250508-02550117,-0.6,-5.1,0.702097365122967,0.6287577288572881,0.0887793868426541,0.6957842111175196,0.0013398084819514,3.584532061946179e-06,0.0093706866621243,0.00370057927381,4.996270997122329,0.2699261502548988,0.0428229222843533,0.018427130864459,0.0088466257570279,0.0027030306358516,0.0005756482308731,6.615538270243415e-05
20250508-03114932,18.9,-57.7,0.7096399179319607,0.6462179653074921,0.05052747544526,0.6841967071912982,0.0001271306320784,-2.019232540847589e-06,0.0097199462084256,0.0041445233179998,8.029268220106239,0.1712338999814441,0.0269853895601301,0.0196709874628495,0.0082894588158384,0.0057829251119515,0.003107113149032,0.0016220276095042
20250508-2400098549,-2.3,-21.3,0.4915079551244961,0.4999066624166251,0.0665731080954301,0.5625653555134369,0.0017874574033327,5.498079204048174e-07,0.0225559960051818,0.0108803329735595,1.2808905850412735,0.2469250907075661,0.0358606429547216,0.0511715431754369,0.0364475308432784,0.0157380344613149,0.0022856538615743,0.0009641679402489
20250508-2400550602,-9.2,-20.9,0.5363093186266417,0.516212179375023,0.0624463112620645,0.5735166304451645,0.0003077786988871,-4.660793513228356e-05,0.0247089440706626,0.0104855525687468,7.342960450160239,0.2727860947795986,0.092004507105207,0.0102779947999377,0.0099712100206607,0.0041689858184465,0.0012024220987647,0.000571119466564
20250508-2400702459,-18.2,-38.4,0.50721782867537,0.4830214008716941,0.0661565023838166,0.5472350281952633,0.0002459220806808,0.0001871375930899,0.0214705951500702,0.0099584852719223,11.729623632264133,0.196624335731715,0.2090989651316995,0.0631701579624995,0.0270799296514816,0.0149066194475316,0.0034445539772359,0.0010542642367872
20250508-2500218553,0.9,-16.5,0.5026839385726338,0.4776699149896554,0.0415998882815646,0.5193923718806325,0.0002269356158882,2.157217007019629e-06,0.0335973582142847,0.0215132564871251,5.487629063322473,0.5771437933987587,0.7067774737478016,0.2864200877725524,0.0901141415304466,0.1073467786137053,0.0532514159187155,0.0094538668907498
20250509-2400649986,67.5,-40.1,0.2081766412069805,0.2431878381741663,0.0421249782671793,0.3182220968176217,-0.0009970811191512,7.0501297383343e-05,0.011849473405127,0.0031369576367249,0.3834273292173684,0.1796260183616587,0.0306222752640374,5.942354219894908e-05,0.0003556113557638,0.0010554858328898,9.10710464984172e-05,5.674275254398133e-05
20250509-2400869233,-26.5,-36.8,0.8406335410558006,0.7476018737017225,0.0607880723397824,0.7872081261662055,-0.0011361197392354,-6.716157831389024e-06,0.0069279259196803,0.0013639260105301,3.394758818347874,0.0146640376254914,0.0009321201577386,0.0002779391547969,6.134145084075712e-05,5.135667351737292e-05,8.327441737021499e-06,5.447021596795995e-06
20250509-2400999581,-3.6,-22.3,0.2748701458872866,0.345968981721528,0.0540117790448876,0.4167808961052781,0.0001985811392047,0.0002268074339901,0.0249913887137945,0.0150176914247082,3.795633876752423,0.4001848442816188,0.1076031541297434,0.0766675121802802,0.073524416336972,0.035416099070591,0.0127541780379675,0.0133713811679105
20250509-2500231397,22.9,9.7,0.6156037820077824,0.5960804085365465,0.0336810082086309,0.6236929225586317,0.0006873265797697,0.0001623059940229,0.0395425547658388,0.0326949670185754,2.2649066127375037,0.6102864742712721,0.1410495715020976,0.1330445814211738,0.0880780461962786,0.0473313043721128,0.0197953037227079,0.0086809568725787
20250509-2500259127,-4.8,-19.6,0.4996285426916542,0.5106559185996917,0.0739354546067176,0.5785368802484527,0.0006191494731426,-7.975951372568736e-05,0.0205406193809775,0.0141819883691964,13.208029560669033,0.0882878816680484,0.1315676044385558,0.0342543124497739,0.0497766491904355,0.0209801000204329,0.0194994470983758,0.0105536583820611
20250509-2500295027,-5.8,-23.1,0.5660635596357595,0.5504852803185002,0.0408793940863318,0.5864413337527205,0.0002031283685078,-0.0001026352232147,0.0364406421036117,0.0208915476259949,1.5719352624800664,1.833959818648404,0.4183153526930664,0.1994219822921081,0.0952437592230612,0.0365309180882026,0.0230827887547103,0.0152022761865147
20250512-2400735520,1.3,-30.9,0.5902024092487448,0.5795209453913238,0.0658667396908935,0.6338069625983507,-0.0010098688663835,-1.4555619348722636e-05,0.0108468827490299,0.0041825083893817,6.4850352647083485,0.2451278155647426,0.0175666670565381,0.0119301837978757,0.0073215357796918,0.0047398607916752,0.0017894976825123,0.0007803875038744
20250512-2500315160,18.5,-16.0,0.5039305294144999,0.5403016157680152,0.0924712664292647,0.6199976632462356,0.0009449744070147,5.721066072960019e-06,0.0189700364072924,0.0122395270306758,9.167152862626311,0.248145731014106,0.0967927467812797,0.1017104411745332,0.089020924626569,0.0172169223406676,0.0163415318917774,0.0115351964941639
20250512-2500327746,123.3,74.4,0.4596999456231929,0.4799328966610958,0.0925991909595692,0.5682735047994752,0.0019230769230769,-9.269376273295384e-07,0.0004787685010418,0.0001629506895762,3.341712531228109,0.0002496020857337,1.8138130662554982e-05,1.3222261398730437e-05,4.14261101751825e-06,4.309204575703924e-06,2.0888727124172973e-06,1.7920548787200305e-06
20250512-2500332281,-3.1,-22.0,0.3349675919609755,0.4337676724813611,0.0741224952450008,0.5121297579079916,0.0006487181105204,0.0002066007986074,0.0266145813736831,0.0257777476767375,7.588324163262531,0.1568826166922618,0.0317934363085134,0.0428362039051504,0.0267511592462504,0.0257265687957087,0.0183920154279894,0.0096859241411922
20250513-2300352126,-14.5,-23.1,0.5446799773401909,0.5398257209860491,0.0339590335436271,0.5704128702805845,-0.0012503778172747,0.0001149709635338,0.0352317329357145,0.0174471699814129,0.4049172173903621,1.6451226729002022,0.3313425235522007,0.0431212556375479,0.0846457577607307,0.0455746657111427,0.0272451767805617,0.0062041203072388
20250513-2500343501,-14.5,-30.1,0.9130770301902889,0.7195469506759822,0.1028609005779102,0.7877872268607905,-0.0017486580847035,-1.402016114372953e-05,0.0085036446685133,0.0066184517034304,6.098041522203001,0.0257991329022372,0.0050957063570176,0.003385231890941,0.0020584637760804,0.0014301655478715,0.000799390992412,0.0004404511090101
20250514-01203832,10.2,1.6,0.7164740007520445,0.6553681619874814,0.0410876932504776,0.6859993593271988,-0.0002711311544418,1.6689009459376888e-05,0.0334990044214209,0.0171231488471097,5.207001455268667,5.01806430650307,0.3410193762750855,0.3840408282567562,0.1163938712292307,0.0587527272098192,0.0193418186229029,0.0205643580986286
20250514-2300482654,-13.9,-41.9,0.4710874261205025,0.4923450288393049,0.0435971102058637,0.5347903679280693,0.0005611667710781,2.888633963825993e-05,0.0246511945162382,0.0142264229985016,4.290575323417127,0.5223876708705216,0.0198260475829994,0.0385399689927889,0.0073104539649867,0.0091325652077528,0.0064366935819923,0.0022025437689555
20250514-2500124080,-8.8,-28.2,0.5801138112411721,0.5651796883281804,0.0740282715663235,0.6272609916654014,-0.0006700003024992,5.296237074270029e-05,0.0171199785895829,0.0084116648166267,12.785061898144132,0.2483436057709987,0.0325692267267331,0.0247261230838453,0.0096654194146256,0.0080301088072794,0.0064663116675053,0.0035442334199322
20250514-2500346917,-0.5,-12.7,0.4139971864174037,0.4468677574156643,0.0468526841933711,0.4965314459438357,0.0003146578559736,9.461653088327644e-05,0.0368070395185826,0.0254508541382302,6.896984872455359,0.9174106588625036,0.5911957374359933,0.1143565464777713,0.2792725306780153,0.0763309294725723,0.0434083220171898,0.0315452556447183
20250515-2200672323,-16.2,-31.6,0.640133162557289,0.5920366130010974,0.0663489467718693,0.6456440953851282,-0.000261592252637,7.677152387708123e-05,0.0263613799525368,0.0234881034153039,11.610531205802904,0.1320760353025883,0.0638319075660047,0.0234715280778108,0.0213020157535786,0.0755276071922589,0.0329818636317349,0.0376730557558109
20250515-2400036128,6.8,-0.9,0.6875022339211068,0.6665127743241593,0.0455187323071608,0.6998271291143612,0.000410046669476,-5.611241140965548e-05,0.0249806353981933,0.0170135129378174,5.485021687939568,0.2268958762835145,0.1608473550787926,0.0937301510956543,0.0672534318675102,0.0169039689719077,0.0325014463806014,0.0214324703296981
20250515-2500185814,-49.6,-59.7,0.4828631562514751,0.50942862739175,0.0617069728735892,0.5667667062203211,-0.0004423442140188,5.3996884314472977e-05,0.0183216450833068,0.0076670435967312,8.313447550210396,0.2886531437515208,0.0890791802056054,0.0175231767547484,0.0170686099094054,0.0020728207746446,0.0008683194892238,0.0001967873556154
20250516-01254014,-14.5,-17.0,0.6597976704954869,0.6371641919957829,0.0613110844807718,0.6835856142740356,-0.0012961956965108,-5.413830391908511e-06,0.0085970618602325,0.007438034336485,3.405008671656176,0.0434919596363514,0.0039000901107738,0.0012002572924882,0.0010045512179399,0.0003501728951099,4.727054835420102e-05,7.587015328267123e-05
20250516-05481897,2.2,-25.0,0.2439548786158059,0.2898206443534677,0.030665645608944,0.338617264034785,0.0006188385764241,3.655746098590935e-05,0.0172880709403267,0.0094026046821089,2.070265708598199,0.0537206755754063,0.0280435196449683,0.0209945538121779,0.0074992475180421,0.0058315503249751,0.0041880659300839,0.0032071450513855
20250516-05884743,10.0,-8.5,0.3150173110550764,0.3614908681224081,0.0484865008748542,0.42327549965802,0.0002878348529663,0.0001450057540386,0.0750242537810261,0.1256526424010235,0.7010529560761277,0.1444282611221085,0.0494525572126308,0.0395310310312093,0.0173094564618955,0.0280607634905849,0.0110108114811563,0.0132668240449817
20250516-2500062844,-20.3,-36.4,0.429439320856132,0.4579592194753134,0.0958576133109549,0.5527967619418489,-0.0015154507561887,-5.061433522803048e-06,0.0035981446119264,0.0009856879007939,6.07807791499293,0.0189395211852623,0.002078083356823,0.0003641833136777,0.0001498319327183,9.657101804271696e-05,3.542444350902195e-05,3.796006164771156e-05
20250516-2500180252,-15.7,-27.9,0.5208544179190067,0.5175450471756149,0.0615223255657512,0.5739121896438172,-0.0005204846136349,-3.3992803858352654e-05,0.0266512809149599,0.014463360233051,8.308334550966977,0.2723894021857585,0.2348039165589841,0.0495734986693915,0.031844867112123,0.0078872003049719,0.0045106566184688,0.0017556513917675
20250516-2500198980,4.5,-12.0,0.4749079838867173,0.4563261306489152,0.0217375087873197,0.4795529650625993,0.0009181756350029,-3.818488837428247e-06,0.0344969787134429,0.0219569593774321,0.8383474240192361,0.46318345376507,0.3631272352511818,0.3004342554357308,0.17054357080799,0.0611847349057527,0.0329174776498644,0.0206525436469884
20250516-2500334705,-22.2,-34.7,0.9217625201172964,0.7285391060011104,0.093832486005547,0.7903174773332831,-0.0013053739724422,-2.500418727966244e-05,0.0079916138753729,0.0018778981688253,7.1895259018144095,0.0828380229172399,0.0071158642488212,0.0005465273146232,0.0001168039011427,3.302758566619471e-05,2.167954926491077e-05,1.523649793508987e-05
20250519-01795146,16.9,8.5,0.3691622477829253,0.427405255084559,0.0568705212216865,0.4894341358094912,-0.0001033154266955,4.419869605718783e-05,0.0140572693987205,0.0082136124266056,7.700406509193061,0.210898658393067,0.0664123047694937,0.0348877042001463,0.0173802182061007,0.0065753793628804,0.0052517452559169,0.0028793972600156
20250519-2100380863,-7.0,-22.9,0.4640598752485395,0.4772895604953325,0.0558901001049814,0.5326306644034018,0.0007611015775717,6.921597070720301e-07,0.0206257495518511,0.0146026740056967,10.165113635069003,0.4803760644671222,0.1825883577002462,0.0547516699346898,0.0172368820888783,0.0143854173126781,0.0136624403842727,0.0070687117587414
20250519-2300232466,-8.2,-24.2,0.3071878526728977,0.3693591047524021,0.0570156030239278,0.439820135154615,0.0003610903885221,0.0001632693742628,0.0230226116951328,0.0125662887496837,4.294460149271845,0.1309020698757788,0.0958635306537933,0.0745513970905568,0.0413481063361697,0.0206148390444106,0.0032958654105274,0.0063953875630802
20250519-2300896383,-30.9,-38.6,0.5553548090050912,0.5458369391766378,0.0558076867875439,0.5947652065792556,-0.0007321917357193,-3.273477233645677e-05,0.0320399835786751,0.0154938722781283,4.505636691759001,1.7418276588077566,0.3697229262537211,0.2530279143350001,0.0884690833805444,0.018024001432092,0.0079100945019634,0.0058271911995826
20250519-2500317869,0.0,-40.2,0.7056351488892405,0.6246110229308524,0.0648478360152641,0.6745270683834638,0.0017593258734333,0.000137655330739,0.02037149119839,0.0110390339623303,7.105105474639727,0.4659753115140849,0.1469801023748865,0.120782027021197,0.0255061997225124,0.0084639481513501,0.0056866373477983,0.004305803814719
20250519-2500332974,19.6,-15.4,0.2249134524685557,0.3136810012932514,0.0669686370807958,0.4066502276565606,0.0013900423675624,4.654432025985003e-05,0.018358169014265,0.010538602526598,3.683355022622539,0.1240964711483686,0.0555658561837181,0.0122051436873744,0.0147840193827172,0.0062170563963153,0.0041321311410213,0.0010774821625498
20250519-2500345243,-6.7,-19.8,0.4162699120260567,0.440869774259484,0.0384226661307784,0.4824819416168722,-0.0002932269929589,1.7434089830165362e-06,0.0349921023057877,0.0272156986468401,4.374710560209365,0.1183238460502786,0.1623502301109254,0.1752473540581243,0.0340988770567194,0.0375664326268324,0.0526085115437937,0.0740356310111884
20250520-04375870,10.2,-6.1,0.3196952308200782,0.3108007417252266,0.0278830546494091,0.3528174538006307,0.000513736222339,0.0001511368152349,0.040687142838312,0.0594672898237183,2.86041672575151,0.1137584698522145,0.0412007845353042,0.0084868634347069,0.0056156121981018,0.0037147843503196,0.0019422437984706,0.0009021476200317
20250520-2400302593,-29.2,-45.3,0.3596971930265268,0.3949726652500193,0.0291516161138236,0.4302964355052542,-0.0012664361577991,-1.984298150257818e-05,0.0236576775635229,0.0164251959526441,3.229624691466055,0.5436202244693885,0.3358380117042457,0.1410675276898448,0.0696165617139093,0.027857883392127,0.0155346543275061,0.0098009807431925
20250520-2400314253,-7.7,-35.9,0.4974125742720552,0.5118264914565117,0.0958451700544994,0.5981734927353285,-0.0012845202373006,-5.223774275733048e-06,0.009152764604594,0.0056923849052794,8.36078888078424,0.0707789358446782,0.0321959976288467,0.0146335565829955,0.0084644906465716,0.0019207432719005,0.0023554477232775,0.0021042422124476
20250520-2500296075,-31.5,-44.4,0.5651561695269747,0.5640767424449633,0.0317491743976347,0.5915502901402011,-0.00037582809127,-4.393031194942389e-05,0.0292983373738396,0.0210116958976002,2.2197667392422646,0.3944859619574883,0.0906440460964717,0.0391236657399189,0.020207869228005,0.009561142198284,0.0032580570372542,0.0005866847686089
20250520-2500309828,2.4,-32.8,0.4788355903021741,0.4485509193567187,0.030747424071728,0.4816070507451958,0.000875441755588,0.0001285903943524,0.0455690979318618,0.0705463719501768,3.720290145365389,0.2248466306410952,0.1281826831936269,0.0958639423833034,0.1555796113178332,0.0742116653332814,0.0156286583374721,0.007569791722118
20250520-2500349058,49.9,-19.2,0.442908792939878,0.4724927943153237,0.083789594641676,0.5541110315826412,0.0018939393939393,-2.4576691610734225e-06,0.0003049626965641,0.0001615596655187,2.98055974643156,2.870362829453833e-05,2.3276391369252688e-06,2.3523604957988494e-07,3.592090659099973e-07,3.568658419280214e-07,1.730926340417466e-07,6.765313443416865e-08
20250521-210025016,-30.0,-39.4,0.5586112778563146,0.5301847088184738,0.0469248330392867,0.5727308779035897,5.7760560334229416e-08,8.179208611830961e-07,0.0341993948516666,0.0195218382172242,6.494569903627675,0.7490378364448589,0.2961341659271643,0.2512164507896591,0.0757149193862484,0.0614831130702798,0.0122394254611687,0.004743616850403
20250521-2300585794,127.5,65.5,0.4433993417214594,0.472342228583149,0.0826661069110105,0.5529677095580775,0.0018450184501845,-2.265571632697936e-07,0.0003961610748119,9.543060375770548e-05,3.04764807308531,0.000129726928272,8.449761337846586e-06,1.879966453385084e-07,4.551290883530714e-07,8.995248501750335e-08,6.541624265798995e-08,1.4288703840246585e-08
20250521-2500093452,-29.2,-38.4,0.4066202962325361,0.4268546329438664,0.041432439589055,0.4729030738478002,0.0014222914351809,0.0001137295327523,0.0693224265432328,0.0842794676964958,1.134009412307913,0.3411449468296208,0.1459252386679313,0.1383413710603617,0.1276168505534462,0.0736204248513137,0.0565537135051245,0.0982114308338933
20250521-2500297154,11.9,2.7,0.5687397665630999,0.5430266661808475,0.0518294848935087,0.5888186860800142,0.0015654239855275,6.58091475302223e-05,0.0323551795348202,0.022425709867969,3.320359050196992,1.2341583652485015,0.2169623186412866,0.5569155400053829,0.0897503528719943,0.0455103005437676,0.0416813181460585,0.0540113015286671
20250521-2500358187,149.8,-8.8,0.8221652661777761,0.510158751559749,0.1782192633654381,0.6621791412891529,-0.0014288644163412,-1.6520298379356626e-06,0.0090725333995849,0.0037607378664535,25.508836663969216,0.3630325249474082,0.0310207477843188,0.0041416770638002,0.0008936237367796,0.0007950087745162,0.0006676107906846,0.000428668536158
20250522-02798356,-34.9,-48.7,0.6858120977126629,0.6418566775558361,0.0679065468792017,0.6927384364983787,-0.0017288586964944,2.3996042872468388e-05,0.005333050608956,0.0015636101974627,3.897734408802141,0.0368640797699479,0.0033966895173701,0.0009657645341504,0.0003495931702466,0.0001437411785278,6.617188001835609e-05,5.975901255566617e-05
20250522-05708014,15.6,-25.5,0.49214010496095,0.4875538447175683,0.0917326554425746,0.5739698658827459,0.0034129692832764,1.2355747053557186e-06,0.0044450720103317,0.0029653114407926,1.8852831024605827,0.0005011513461663,2.160725097688967e-05,1.3739425372705596e-06,2.634159221228164e-06,1.984233289127541e-06,1.6461862586580713e-06,8.792848593695762e-07
20250522-2500310369,-14.8,-40.5,0.2838180209508027,0.3026804283522912,0.0220016769252142,0.3370713850696032,0.0001651647999329,-1.105433931877759e-06,0.0360890631632529,0.0447381496714924,1.7341301930808624,0.0476012701649079,0.035097336868146,0.0338628991443806,0.0171109394082803,0.0097011207530048,0.0120862707540328,0.0139292328406458
20250522-2500325974,-15.9,-57.5,0.3610313328056977,0.3716303097039586,0.0362806482817833,0.4175999705129821,-0.0001873081253408,-4.702658370855456e-06,0.0282066770544904,0.0180748925353647,3.369953534507159,0.427561822692521,0.1086761402253369,0.0650305831893915,0.0227319793286334,0.008474845095658,0.0054596357886916,0.0025541309855985
20250523-2400166412,-7.1,-16.5,0.6796554301776241,0.5972224519981733,0.0637782018107217,0.6484233640002742,-0.0006939468295429,-4.9993804476678775e-05,0.0189145795703222,0.0133131020277645,5.466621306746524,0.2836604707725814,0.0472255470066574,0.0471917673605548,0.0242793999215568,0.0220520358926274,0.0075561569029507,0.0051785487528782
20250523-2500111388,-11.4,-22.2,0.3068337107363815,0.4261510746846818,0.054519732013171,0.4859264043742429,0.001698804525602,2.706491740458842e-05,0.0133638699219871,0.0076700798489873,2.3269311640156,0.0387564715603102,0.0395504515490967,0.0294786055904278,0.0082887597344762,0.001624267453621,0.0013104983676201,0.0005156866224999
20250523-2500354885,-20.1,-26.2,0.6980391715217393,0.636546223203252,0.0676565287813891,0.6876391663188722,0.0007277152195246,-2.7192835732438237e-05,0.0056649803684729,0.0028344508726436,2.516808883112565,0.0121539680006078,0.0005888312013362,2.6772642883027856e-05,0.000111933996235,5.4557973457538725e-05,4.243047582575048e-05,2.4162249431692955e-05
20250523-2500359620,-12.8,-21.0,0.35040203444145,0.3760373868005202,0.0549217695633047,0.4430867700970869,-0.000693185176605,-5.247905316613113e-06,0.0159583323034812,0.0098136204933461,5.269355626366134,0.1135209806272048,0.0590255997403698,0.0357745716791235,0.0596569242961247,0.0089294169310033,0.0052401635770639,0.0035984026989234
20250526-03960661,-1.7,-10.4,0.433692948006545,0.4223736972103908,0.0282109373338184,0.4545442524430303,0.0004588947324452,-5.156037049319901e-05,0.0326531376236962,0.0310564515623134,1.0609977006292672,0.5608545404813083,0.1878619942574241,0.0551712475721495,0.0370727498628101,0.0099846238589775,0.0096137922138213,0.0062549969747632
20250526-2400007222,3.5,-12.7,0.4539425340731217,0.4694987116234351,0.0534941378292378,0.5233767075876642,0.000136590309734,-0.0001425364496952,0.0437359952921408,0.0272617032324573,2.967994287265365,1.5700225617820212,0.6162142153042243,0.1838630803672321,0.1181908881109155,0.1008742804550632,0.052494077104858,0.0263017321823684
20250526-2500078535,-39.8,-56.5,0.6176382551281832,0.5349118660389857,0.0678004778764017,0.5949211563776426,0.0015045309059975,-2.376994790265501e-05,0.0165194123045892,0.0122578301530259,7.180190445625602,0.3434841282203233,0.1190999344674068,0.0323382977997873,0.0192534197121551,0.0072510146907061,0.0046698881713386,0.0038594737728992
20250526-2500228202,5.0,-7.6,0.3023355168466324,0.3631590717196508,0.0430299706986217,0.4182277873012509,0.0007561553943905,2.6139141465878245e-05,0.0248696796839646,0.0134515010890261,3.293237376804277,0.5848650808890784,0.1734491501672983,0.0842750290398499,0.0588002315517233,0.0172070282441212,0.0078711388949752,0.0040358464493432
20250526-2500336117,183.6,105.3,0.6928976047018103,0.6446064999994465,0.1047925916822525,0.7213252605612734,0.0013200956661939,-1.6466890903543946e-06,0.0064962108750518,0.0074412583248398,7.658461172545349,0.0048493478925007,0.0008228154762841,0.000714841831082,0.0004941742604489,0.0001743439908857,6.860725902855039e-05,0.0001164258276606
20250526-2500356574,-8.5,-35.8,0.7547748281245705,0.6763326693004521,0.0692800905283939,0.7257451137220757,-0.0017079774366026,9.44232279475694e-06,0.0071135423006004,0.0033538480901426,6.918135413682447,0.025403469080929,0.0039356466017736,0.0006515830182517,0.0014475202903383,0.0013759420099565,0.000807485487511,0.0001331629359558
20250527-2100744967,14.5,-23.1,0.5346313115544468,0.5058822737431152,0.0539807766399044,0.5566845170537874,0.0011410296071234,5.821875395623317e-05,0.0263009704478816,0.0134852180269328,6.941371883342348,0.4998617882207313,0.2057879500480654,0.2624129170923637,0.0345757711891246,0.0113161250712476,0.0171644913263131,0.0063054703007509
20250527-2300317801,-22.4,-36.6,0.3999903214852041,0.4384586105898636,0.0600445041983013,0.5022852350992362,0.0011024480077343,1.5801166246979592e-05,0.0274672341748481,0.0159669945603132,4.870675408778252,0.3634104177205845,0.3012855562119738,0.0640557849111923,0.0583198731019297,0.0510298000013544,0.0148214661840828,0.014724449291619
20250527-2500137366,68.4,17.1,0.5029647944658034,0.4889817768900227,0.0845447719655258,0.5689006504619677,0.0017241379310344,9.87057839273648e-07,0.0003256834662247,0.0002683843803097,3.359686302441658,7.075390720102667e-05,3.5688380633487257e-06,1.81336807244698e-06,5.373521948437184e-07,2.3453626961299237e-07,3.7441219335150725e-08,7.549117823103727e-08
20250527-2500282200,-19.0,-25.1,0.5042581190337223,0.5324271543340523,0.0526584429528724,0.5797733329717133,0.0004283473209154,1.356026405802896e-05,0.0280791285552822,0.0175154896732044,8.025544792882426,0.1297865039411263,0.2360470800979986,0.2620877258358302,0.0823388813727794,0.0136817754343738,0.0247492148864422,0.0092334491836714
20250527-2500335918,-21.1,-26.7,0.5873277066880297,0.6083491736403065,0.0333447045545253,0.6351640903131797,-0.0006955649800859,-1.346789938088215e-05,0.0125929128478655,0.0053847218727179,2.421388387293084,0.2139545502304525,0.0219659205239812,0.0099950341543446,0.0018631730674772,0.0014271342727348,0.0007864676573811,0.0003932384604805
